Region,Site,Plant,Rep,Row,Order,survey,height,leaves_total,leaves_damaged,herbpercentage,leaf_1,leaf_2,leaf_3,leaf_4,leaf_5,leaf_6,leaf_7,leaf_8,leaf_9,leaf_10,mildew,mines_blotch,mines_linear,galls_leaf,galls_stem,galls_bud,leps,aphids_parasitized,aphids_unparasitized,ants,ant_genus,flowerbuds,bloom_date,damage_chewing,damage_spot,agromyzid,Trichomes1
MT,NH,1,A,16,308,Aug,35,25,9,5,20,0,10,5,0,20,10,15,0,0,0,0,0,2,1,0,0,0,30,0,,,,,,,429
MT,NH,1,A,16,308,July,,,,,,,,,,,,,,,,,,0,0,0,0,0,0,0,,0,,1,0,0,
MT,NH,1,B,12,238,Aug,16,12,0,0,0,0,0,0,0,0,0,0,0,0,0,0,0,4,0,0,0,0,0,0,,,,,,,
MT,NH,1,B,12,238,July,,,,,,,,,,,,,,,,,,0,0,0,0,0,0,0,,0,,0,1,0,
MT,NH,2,A,3,49,Aug,20,23,1,2,0,0,0,15,0,0,0,0,0,0,0,0,0,2,1,0,0,0,0,0,,,,,,,
MT,NH,2,A,3,49,July,,,,,,,,,,,,,,,,,,0,0,0,0,0,0,0,,0,,0,0,0,
MT,NH,2,B,14,279,Aug,20,19,0,0,0,0,0,0,0,0,0,0,0,0,0,0,1,15,0,0,0,0,0,0,,,,,,,341
MT,NH,2,B,14,279,July,,,,,,,,,,,,,,,,,,3,0,0,0,0,0,0,,0,,0,0,0,
MT,NH,3,B,5,81,Aug,23,22,1,3,0,0,30,0,0,0,0,0,0,0,1,0,0,24,1,0,0,0,0,0,,,,,,,346
MT,NH,3,B,5,81,July,,,,,,,,,,,,,,,,,,3,0,0,0,0,0,0,,0,,0,0,0,
MT,NH,4,A,16,307,Aug,27,20,2,5,0,15,0,0,0,70,0,0,0,0,0,0,0,9,0,0,0,0,0,0,,,,,,,215
MT,NH,4,A,16,307,July,,,,,,,,,,,,,,,,,,3,0,0,0,0,0,0,,0,,0,0,0,
MT,NH,4,B,7,135,Aug,30,20,3,2,0,30,0,0,0,5,0,0,0,0,0,0,0,4,0,0,0,0,0,0,,,,,,,235
MT,NH,4,B,7,135,July,,,,,,,,,,,,,,,,,,0,0,0,0,0,0,0,,0,,0,0,0,
MT,NH,5,A,1,1,Aug,26,22,0,0,0,0,0,0,0,0,0,0,0,0,0,0,0,17,0,0,0,0,8,4,Lasius,,,,,,
MT,NH,5,A,1,1,July,,,,,,,,,,,,,,,,,,3,0,0,0,0,0,0,,0,,0,0,0,
MT,NH,5,B,13,258,Aug,9,10,0,0,0,0,0,0,0,0,0,0,0,0,0,0,0,1,0,0,0,0,0,0,,,,,,,
MT,NH,5,B,13,258,July,,,,,,,,,,,,,,,,,,1,0,0,0,0,0,0,,0,,0,0,0,
MT,NH,6,A,1,13,Aug,18,13,0,0,0,0,0,0,0,0,0,0,0,0,0,1,0,9,2,0,0,0,0,0,,,,,,,
MT,NH,6,A,1,13,July,,,,,,,,,,,,,,,,,,0,0,0,0,0,0,0,,0,,0,0,0,
MT,NH,6,B,2,30,Aug,28,21,0,0,0,0,0,0,0,0,0,0,0,0,0,1,0,7,0,0,0,0,0,0,,,,,,,
MT,NH,6,B,2,30,July,,,,,,,,,,,,,,,,,,1,0,0,0,0,0,0,,0,,0,0,0,
MT,NH,7,A,17,341,Aug,23,22,1,1,0,0,0,0,0,5,0,0,0,0,1,0,0,7,0,0,0,0,0,0,,,,,,,
MT,NH,7,A,17,341,July,,,,,,,,,,,,,,,,,,3,0,0,0,0,0,0,,0,,0,0,0,
MT,NH,7,B,15,287,Aug,28,26,0,0,0,0,0,0,0,0,0,0,0,0,0,0,0,4,0,1,0,0,8,1,Lasius,,,,,,243
MT,NH,7,B,15,287,July,,,,,,,,,,,,,,,,,,4,0,1,0,0,0,0,,0,,0,0,0,
MT,NH,8,A,13,246,Aug,29,25,0,0,0,0,0,0,0,0,0,0,0,0,0,0,0,9,0,0,0,0,0,0,,,,,,,
MT,NH,8,A,13,246,July,,,,,,,,,,,,,,,,,,3,0,0,0,0,0,0,,0,,0,0,0,
MT,NH,8,B,10,187,Aug,32,27,13,20,15,0,35,0,55,40,0,50,45,0,1,0,0,12,0,0,0,0,0,0,,,,,,,
MT,NH,8,B,10,187,July,,,,,,,,,,,,,,,,,,0,0,0,0,0,0,0,,0,,0,0,0,
MT,NH,9,A,13,251,Aug,40,22,1,0.25,0,0,5,0,0,0,0,0,0,0,0,0,0,2,0,0,0,0,9,0,,,,,,,
MT,NH,9,A,13,251,July,,,,,,,,,,,,,,,,,,2,0,0,0,0,0,0,,0,,0,0,0,
MT,NH,9,B,11,206,Aug,35,24,0,0,0,0,0,0,0,0,0,0,0,0,0,1,0,6,0,0,0,0,4,0,,,,,,,
MT,NH,9,B,11,206,July,,,,,,,,,,,,,,,,,,1,0,0,0,0,0,0,,1,5-Jul,0,0,0,
MT,NH,10,A,17,328,Aug,19,20,2,1,0,0,15,0,0,10,0,0,0,0,0,0,1,3,0,0,0,0,0,0,,,,,,,
MT,NH,10,A,17,328,July,,,,,,,,,,,,,,,,,,1,0,0,0,0,0,0,,0,,0,0,0,
MT,NH,10,B,4,61,Aug,3,4,0,0,0,0,0,0,0,0,0,0,0,0,0,0,0,0,0,0,0,0,0,0,,,,,,,239
MT,NH,10,B,4,61,July,,,,,,,,,,,,,,,,,,0,0,0,0,0,0,0,,0,,0,0,0,
MT,NH,11,A,9,161,Aug,21,20,0,0,0,0,0,0,0,0,0,0,0,0,0,0,0,8,0,0,0,0,2,1,Lasius,,,,,,
MT,NH,11,A,9,161,July,,,,,,,,,,,,,,,,,,0,0,0,0,0,0,0,,0,,0,0,0,
MT,NH,11,B,14,267,Aug,34,32,1,1,0,0,30,0,0,0,0,0,0,0,1,0,0,5,0,0,0,0,0,0,,,,,,,303
MT,NH,11,B,14,267,July,,,,,,,,,,,,,,,,,,3,0,0,0,0,0,0,,0,,0,0,0,
MT,NH,12,A,14,280,Aug,5,6,0,0,0,0,0,0,0,0,0,0,0,0,0,0,0,1,0,0,0,0,0,0,,,,,,,251
MT,NH,12,A,14,280,July,,,,,,,,,,,,,,,,,,0,0,0,0,0,0,0,,0,,0,0,0,
MT,NH,12,B,10,198,Aug,14,20,0,0,0,0,0,0,0,0,0,0,0,0,0,0,0,2,0,0,0,0,0,0,,,,,,,
MT,NH,12,B,10,198,July,,,,,,,,,,,,,,,,,,0,0,0,0,0,0,0,,0,,0,0,0,
WI,BOL,14,A,10,190,Aug,56,25,3,1,0,0,5,0,0,15,0,0,0,0,0,0,0,9,0,0,1,0,0,0,,,,,,,
WI,BOL,14,A,10,190,July,,,,,,,,,,,,,,,,,,1,0,0,0,0,6,3,Formica,0,,0,0,0,
WI,BOL,14,B,17,336,Aug,47,16,10,20,0,10,2,10,15,5,20,0,15,0,0,0,0,0,0,0,0,0,0,0,,,,,,,
WI,BOL,14,B,17,336,July,,,,,,,,,,,,,,,,,,1,0,0,0,0,0,0,,0,,0,0,0,
WI,BOL,15,A,5,93,Aug,64,16,4,2,0,5,0,0,40,0,0,0,0,0,0,0,0,0,0,0,1,0,0,0,,,,,,,407
WI,BOL,15,A,5,93,July,,,,,,,,,,,,,,,,,,0,0,0,0,0,0,0,,3,,1,0,2,
WI,BOL,15,B,16,311,Aug,18,10,1,0.5,0,0,3,0,0,0,0,0,0,0,1,0,0,2,0,0,0,0,0,0,,,,,,,345
WI,BOL,15,B,16,311,July,,,,,,,,,,,,,,,,,,0,0,0,0,0,0,0,,0,,0,0,0,
WI,BOL,16,A,11,211,Aug,42,28,0,0,0,0,0,0,0,0,0,0,0,0,0,0,0,13,0,0,0,0,0,0,,,,,,,
WI,BOL,16,A,11,211,July,,,,,,,,,,,,,,,,,,5,0,0,0,0,0,0,,0,,0,0,0,
WI,BOL,16,B,1,7,Aug,41,16,1,4,0,0,0,0,0,0,30,0,0,0,0,0,0,13,0,0,0,0,0,0,,,,,,,
WI,BOL,16,B,1,7,July,,,,,,,,,,,,,,,,,,3,0,0,0,0,0,0,,0,,0,0,0,
WI,BOL,17,A,12,225,Aug,42,18,1,2,0,0,35,0,0,0,0,0,0,0,1,0,0,0,0,0,0,0,0,0,,,,,,,
WI,BOL,17,A,12,225,July,,,,,,,,,,,,,,,,,,0,0,0,0,0,0,0,,0,,0,0,0,
WI,BOL,17,B,17,326,Aug,61,23,2,1,0,5,0,0,0,0,10,0,0,0,0,0,0,7,1,0,0,0,0,0,,,,,,,
WI,BOL,17,B,17,326,July,,,,,,,,,,,,,,,,,,0,0,0,0,1,0,0,,4,14-Jul,0,0,0,
WI,BOL,18,A,10,185,Aug,70,31,1,0.25,0,0,0,0,0,0,0,0,2,0,0,6,1,0,0,0,1,0,0,0,,,,,,,
WI,BOL,18,A,10,185,July,,,,,,,,,,,,,,,,,,0,0,0,0,0,0,0,,2,10-Jul,0,0,0,
WI,BOL,18,B,9,180,Aug,69,53,2,1,0,7,0,0,0,5,0,0,0,0,0,0,0,5,0,0,2,0,40,1,Lasius,,,,,,
WI,BOL,18,B,9,180,July,,,,,,,,,,,,,,,,,,0,0,0,0,0,0,0,,4,,0,0,0,
WI,BOL,19,A,11,203,Aug,24,12,2,5,0,15,0,0,20,0,0,0,0,0,0,0,0,3,0,0,0,0,0,0,,,,,,,
WI,BOL,19,A,11,203,July,,,,,,,,,,,,,,,,,,0,0,0,0,0,0,0,,0,,0,0,0,
WI,BOL,19,B,6,107,Aug,31,12,3,1,0,5,0,0,1,0,0,0,0,0,0,0,0,6,0,0,0,0,0,3,Lasius,,,,,,
WI,BOL,19,B,6,107,July,,,,,,,,,,,,,,,,,,0,0,0,0,0,0,0,,0,,0,0,0,
WI,BOL,20,A,14,265,Aug,45,23,5,5,5,2,0,2,10,0,0,0,0,0,0,0,0,3,0,0,0,0,1,0,,,,,,,359
WI,BOL,20,A,14,265,July,,,,,,,,,,,,,,,,,,1,0,0,0,0,0,0,,0,,0,0,0,
WI,BOL,20,B,14,278,Aug,31,16,1,1,0,0,0,0,0,0,5,0,0,0,0,1,0,2,0,0,0,0,0,0,,,,,,,197
WI,BOL,20,B,14,278,July,,,,,,,,,,,,,,,,,,0,0,0,0,0,0,0,,0,,0,0,0,
WI,BOL,21,A,15,295,Aug,43,26,0,0,0,0,0,0,0,0,0,0,0,0,0,0,0,7,0,0,0,0,0,0,,,,,,,427
WI,BOL,21,A,15,295,July,,,,,,,,,,,,,,,,,,0,0,0,0,0,0,0,,0,,0,0,0,
WI,BOL,21,B,10,195,Aug,47,20,1,1,0,0,30,0,0,0,0,0,0,0,0,0,0,2,0,0,0,0,0,0,,,,,,,
WI,BOL,21,B,10,195,July,,,,,,,,,,,,,,,,,,0,0,0,0,0,0,0,,0,,0,1,0,
WI,BOL,22,A,2,25,Aug,63,41,7,4,0,4,7,0,15,5,0,7,5,0,0,0,2,3,0,0,0,0,5,7,Myrmica,,,,,,
WI,BOL,22,A,2,25,July,,,,,,,,,,,,,,,,,,0,0,0,0,0,0,0,,4,,0,0,0,
WI,BOL,22,B,5,96,Aug,50,30,1,1,0,0,5,0,0,0,0,0,0,0,1,0,0,0,0,0,0,0,0,1,Lasius,,,,,,411
WI,BOL,22,B,5,96,July,,,,,,,,,,,,,,,,,,0,0,0,0,0,0,0,,0,,0,0,0,
WI,BOL,24,A,6,108,Aug,56,22,6,8,0,15,80,0,10,0,0,0,0,5,1,0,0,2,0,0,0,0,22,0,,,,,,,
WI,BOL,24,A,6,108,July,,,,,,,,,,,,,,,,,,0,0,0,0,0,0,0,,0,,0,0,1,
WI,BOL,24,B,11,205,Aug,38,16,2,2,0,10,0,0,0,7,0,0,0,0,0,0,0,2,0,0,0,0,0,0,,,,,,,
WI,BOL,24,B,11,205,July,,,,,,,,,,,,,,,,,,2,0,0,0,0,0,0,,0,,0,0,0,
WI,UWM,33,A,10,184,Aug,68,32,2,0.25,0,10,0,0,0,0,3,0,0,0,0,0,0,2,0,0,0,0,0,0,,,,,,,
WI,UWM,33,A,10,184,July,,,,,,,,,,,,,,,,,,3,0,0,0,0,0,0,,0,,0,0,0,
WI,UWM,33,B,12,231,Aug,44,21,0,0,0,0,0,0,0,0,0,0,0,0,0,0,0,4,0,0,0,0,0,0,,,,,,,
WI,UWM,33,B,12,231,July,,,,,,,,,,,,,,,,,,1,0,0,0,0,0,0,,0,,0,1,0,
WI,UWM,35,A,2,23,Aug,57,14,0,0,0,0,0,0,0,0,0,0,0,0,0,0,1,1,0,0,0,0,0,0,,,,,,,
WI,UWM,35,A,2,23,July,,,,,,,,,,,,,,,,,,0,0,0,0,0,0,0,,1,7-Jul,0,0,0,
WI,UWM,35,B,10,191,Aug,70,38,5,2,0,35,0,15,0,0,2,5,0,0,1,0,0,6,0,0,0,0,0,0,,,,,,,
WI,UWM,35,B,10,191,July,,,,,,,,,,,,,,,,,,0,0,0,0,0,0,1,Formica,8,11-Jul,0,0,0,
WI,UWM,36,A,5,84,Aug,63,38,1,0.5,0,5,0,0,0,0,0,0,0,0,1,1,1,0,0,0,0,0,10,1,Formica,,,,,,378
WI,UWM,36,A,5,84,July,,,,,,,,,,,,,,,,,,1,0,0,0,3,0,1,Formica,7,,0,0,0,
WI,UWM,36,B,12,223,Aug,38,23,0,0,0,0,0,0,0,0,0,0,0,0,1,0,0,4,0,0,0,0,0,0,,,,,,,
WI,UWM,36,B,12,223,July,,,,,,,,,,,,,,,,,,2,0,0,0,0,0,0,,0,,1,0,0,
WI,UWM,37,A,15,284,Aug,33,22,5,5,0,5,0,10,0,15,0,0,0,0,1,0,0,3,0,0,0,0,4,1,Lasius,,,,,,312
WI,UWM,37,A,15,284,July,,,,,,,,,,,,,,,,,,1,0,0,0,0,0,0,,0,,0,0,0,
WI,UWM,37,B,13,255,Aug,52,36,1,1,15,0,0,0,0,0,0,0,0,0,0,0,0,1,1,0,0,0,0,0,,,,,,,
WI,UWM,37,B,13,255,July,,,,,,,,,,,,,,,,,,1,0,0,0,0,0,0,,0,,0,0,0,
WI,UWM,38,A,12,239,Aug,54,21,2,2,0,5,0,0,5,0,0,0,0,0,0,0,2,2,0,0,1,0,0,5,Lasius,,,,,,
WI,UWM,38,A,12,239,July,,,,,,,,,,,,,,,,,,0,0,0,0,0,0,0,,3,15-Jul,0,0,0,
WI,UWM,38,B,1,16,Aug,50,23,5,8,1,2,1,55,60,0,0,0,0,0,0,0,0,6,0,0,0,0,0,0,,,,,,,
WI,UWM,38,B,1,16,July,,,,,,,,,,,,,,,,,,0,0,0,0,0,0,0,,0,,0,0,0,
WI,UWM,39,A,7,127,Aug,48,18,10,15,25,0,5,15,5,0,0,2,0,30,0,0,0,2,0,0,0,0,0,1,Formica,,,,,,
WI,UWM,39,A,7,127,July,,,,,,,,,,,,,,,,,,0,0,0,0,0,0,0,,1,,0,0,0,
WI,UWM,39,B,5,89,Aug,47,43,4,2,10,0,20,0,0,5,0,0,0,0,1,0,0,5,0,0,0,0,16,1,Formica,,,,,,402
WI,UWM,39,B,5,89,July,,,,,,,,,,,,,,,,,,0,0,0,0,0,0,0,,1,,1,0,0,
WI,UWM,41,A,6,110,Aug,54,49,8,5,0,30,0,5,0,0,0,3,0,0,0,0,0,1,0,0,0,0,6,0,,,,,,,
WI,UWM,41,A,6,110,July,,,,,,,,,,,,,,,,,,0,0,0,0,5,0,0,,3,,0,0,0,
WI,UWM,41,B,3,55,Aug,58,20,2,1,1,0,0,0,5,0,0,0,0,0,0,0,0,7,0,0,0,0,1,0,,,,,,,
WI,UWM,41,B,3,55,July,,,,,,,,,,,,,,,,,,0,0,0,0,0,0,0,,2,,0,0,0,
WI,UWM,42,A,4,63,Aug,48,23,13,30,15,5,15,85,45,0,0,60,50,0,1,1,0,0,0,0,0,0,0,0,,,,,,,132
WI,UWM,42,A,4,63,July,,,,,,,,,,,,,,,,,,0,0,0,0,19,40,6,Formica,0,,0,0,0,
WI,UWM,42,B,13,259,Aug,36,20,0,0,0,0,0,0,0,0,0,0,0,0,0,0,0,6,0,0,0,0,0,0,,,,,,,
WI,UWM,42,B,13,259,July,,,,,,,,,,,,,,,,,,5,0,0,0,0,0,0,,0,,0,0,0,
MT,CWN,43,A,8,159,Aug,13,16,0,0,0,0,0,0,0,0,0,0,0,0,0,0,0,4,0,0,0,0,0,0,,,,,,,
MT,CWN,43,A,8,159,July,,,,,,,,,,,,,,,,,,0,0,0,0,0,0,0,,0,,0,0,0,
MT,CWN,43,B,7,136,Aug,19,13,0,0,0,0,0,0,0,0,0,0,0,0,1,0,0,2,0,0,0,0,6,2,Lasius,,,,,,178
MT,CWN,43,B,7,136,July,,,,,,,,,,,,,,,,,,0,1,0,0,0,0,0,,0,,0,0,0,
MT,CWN,44,A,5,88,Aug,28,15,1,0.25,0,0,1,0,0,0,0,0,0,0,1,0,1,9,0,0,0,0,0,0,,,,,,,203
MT,CWN,44,A,5,88,July,,,,,,,,,,,,,,,,,,2,0,0,0,0,0,0,,0,,0,0,0,
MT,CWN,44,B,11,219,Aug,21,15,3,5,20,0,0,1,0,3,0,0,0,0,1,0,0,10,0,0,0,0,6,0,,,,,,,
MT,CWN,44,B,11,219,July,,,,,,,,,,,,,,,,,,3,0,0,0,0,0,0,,0,,0,0,0,
MT,CWN,45,A,10,199,Aug,25,22,0,0,0,0,0,0,0,0,0,0,0,0,0,0,0,3,0,0,0,0,0,0,,,,,,,
MT,CWN,45,A,10,199,July,,,,,,,,,,,,,,,,,,0,0,0,0,0,0,0,,0,,0,0,0,
MT,CWN,45,B,9,177,Aug,30,18,0,0,0,0,0,0,0,0,0,0,0,0,0,0,0,2,0,0,0,0,0,0,,,,,,,
MT,CWN,45,B,9,177,July,,,,,,,,,,,,,,,,,,3,0,0,0,0,0,0,,0,,0,0,0,
MT,CWN,46,A,11,208,Aug,16,16,0,0,0,0,0,0,0,0,0,0,0,0,0,0,0,1,0,0,0,0,0,0,,,,,,,
MT,CWN,46,A,11,208,July,,,,,,,,,,,,,,,,,,1,0,0,0,0,0,0,,0,,0,0,0,
MT,CWN,46,B,5,87,Aug,10,14,0,0,0,0,0,0,0,0,0,0,0,0,1,0,0,8,0,0,0,0,0,0,,,,,,,162
MT,CWN,46,B,5,87,July,,,,,,,,,,,,,,,,,,1,0,0,0,0,0,0,,0,,0,0,0,
MT,CWN,47,A,1,2,Aug,23,29,0,0,0,0,0,0,0,0,0,0,0,0,1,0,1,4,0,0,0,0,0,0,,,,,,,
MT,CWN,47,A,1,2,July,,,,,,,,,,,,,,,,,,0,0,0,0,0,0,0,,0,,0,0,0,
MT,CWN,47,B,9,162,Aug,25,20,1,1,0,0,5,0,0,0,0,0,0,0,0,0,0,5,0,0,0,0,0,0,,,,,,,
MT,CWN,47,B,9,162,July,,,,,,,,,,,,,,,,,,2,0,0,0,0,0,0,,0,,0,0,0,
MT,CWN,48,A,9,173,Aug,26,12,0,0,0,0,0,0,0,0,0,0,0,0,1,0,0,2,0,0,0,0,0,0,,,,,,,
MT,CWN,48,A,9,173,July,,,,,,,,,,,,,,,,,,0,0,0,0,0,0,0,,0,,0,0,0,
MT,CWN,48,B,17,325,Aug,25,20,4,2,0,10,0,5,0,0,5,0,0,0,1,0,0,0,1,0,0,0,0,0,,,,,,,
MT,CWN,48,B,17,325,July,,,,,,,,,,,,,,,,,,8,0,0,0,0,0,0,,0,,0,0,0,
MT,CWN,49,A,4,67,Aug,11,16,0,0,0,0,0,0,0,0,0,0,0,0,1,0,0,8,0,0,0,0,0,0,,,,,,,211
MT,CWN,49,A,4,67,July,,,,,,,,,,,,,,,,,,0,0,0,0,0,0,0,,0,,0,0,0,
MT,CWN,49,B,11,212,Aug,25,20,1,1,0,5,0,0,0,0,0,0,0,0,1,0,0,4,0,0,0,0,0,0,,,,,,,
MT,CWN,49,B,11,212,July,,,,,,,,,,,,,,,,,,0,0,0,0,0,0,0,,0,,0,0,0,
MT,CWN,50,A,11,213,Aug,27,20,2,5,0,0,5,0,0,20,0,0,0,0,1,0,0,8,0,0,0,0,0,0,,,,,,,
MT,CWN,50,A,11,213,July,,,,,,,,,,,,,,,,,,0,0,0,0,0,0,0,,0,,0,0,0,
MT,CWN,50,B,1,5,Aug,23,14,2,3,0,0,0,0,0,5,0,0,15,0,0,0,0,8,0,0,0,0,0,0,,,,,,,
MT,CWN,50,B,1,5,July,,,,,,,,,,,,,,,,,,4,0,0,0,0,0,0,,0,,0,0,0,
MT,CWN,51,A,8,153,Aug,21,13,0,0,0,0,0,0,0,0,0,0,0,0,1,0,0,2,1,0,0,0,0,0,,,,,,,
MT,CWN,51,A,8,153,July,,,,,,,,,,,,,,,,,,2,0,0,0,0,0,0,,0,,0,0,0,
MT,CWN,52,A,9,172,Aug,40,25,1,0.25,0,0,0,0,5,0,0,0,0,0,1,0,0,4,0,0,0,0,0,0,,,,,,,
MT,CWN,52,A,9,172,July,,,,,,,,,,,,,,,,,,0,0,0,0,0,0,0,,0,,0,0,0,
MT,CWN,52,B,5,82,Aug,16,12,0,0,0,0,0,0,0,0,0,0,0,0,1,1,0,0,0,0,0,0,0,0,,,,,,,
MT,CWN,52,B,5,82,July,,,,,,,,,,,,,,,,,,0,0,0,0,0,0,0,,0,,0,0,0,261
MT,CWN,53,A,7,140,Aug,20,15,0,0,0,0,0,0,0,0,0,0,0,0,0,0,0,9,0,0,0,0,0,0,,,,,,,
MT,CWN,53,A,7,140,July,,,,,,,,,,,,,,,,,,4,0,0,0,0,0,0,,0,,0,0,0,
MT,CWN,53,B,8,152,Aug,19,16,0,0,0,0,0,0,0,0,0,0,0,0,0,0,0,9,0,0,0,0,0,0,,,,,,,
MT,CWN,53,B,8,152,July,,,,,,,,,,,,,,,,,,3,0,0,0,0,0,0,,0,,0,0,0,
MT,CWN,54,B,2,22,Aug,19,14,1,0.5,0,0,0,0,5,0,0,0,0,0,1,0,0,7,0,0,0,0,0,0,,,,,,,
MT,CWN,54,B,2,22,July,,,,,,,,,,,,,,,,,,0,0,0,0,0,0,0,,0,,0,1,0,
MT,MJS,55,A,7,123,Aug,36,8,5,35,15,10,40,0,15,0,0,0,,,0,0,0,2,0,0,0,0,0,0,,,,,,,
MT,MJS,55,A,7,123,July,,,,,,,,,,,,,,,,,,3,0,0,0,0,0,0,,1,,0,0,0,
MT,MJS,55,B,3,45,Aug,32,23,0,0,0,0,0,0,0,0,0,0,0,0,0,0,0,10,0,0,0,0,0,0,,,,,,,
MT,MJS,55,B,3,45,July,,,,,,,,,,,,,,,,,,0,0,0,0,0,0,0,,0,,0,0,0,
MT,MJS,57,B,12,224,Aug,33,24,2,3,0,5,0,0,0,20,0,0,0,0,0,1,0,4,0,0,0,0,0,0,,,,,,,
MT,MJS,57,B,12,224,July,,,,,,,,,,,,,,,,,,0,0,0,0,0,0,0,,0,,0,1,0,
MT,MJS,59,A,12,240,Aug,36,24,0,0,0,0,0,0,0,0,0,0,0,0,0,0,0,8,0,0,0,0,0,0,,,,,,,
MT,MJS,59,A,12,240,July,,,,,,,,,,,,,,,,,,0,0,0,0,0,0,0,,0,,0,1,0,
MT,MJS,59,B,16,309,Aug,47,15,5,10,0,0,15,0,5,45,0,40,1,0,1,0,0,5,0,0,0,0,15,0,,,,,,,271
MT,MJS,59,B,16,309,July,,,,,,,,,,,,,,,,,,3,0,0,0,0,0,0,,1,5-Jul,0,0,0,
MT,MJS,63,A,7,129,Aug,30,24,2,1,5,0,0,0,0,0,0,0,0,0,1,0,0,9,0,0,0,0,0,0,,,,,,,
MT,MJS,63,A,7,129,July,,,,,,,,,,,,,,,,,,3,0,0,0,0,0,0,,0,,0,0,0,
MT,MJS,64,A,3,60,Aug,18,19,0,0,0,0,0,0,0,0,0,0,0,0,0,0,0,14,0,0,0,0,0,0,,,,,,,
MT,MJS,64,A,3,60,July,,,,,,,,,,,,,,,,,,6,0,0,0,0,0,0,,0,,0,0,0,
MT,MJS,64,B,3,53,Aug,23,19,1,2,0,0,0,0,5,0,0,0,0,0,0,0,0,12,0,0,0,0,0,0,,,,,,,
MT,MJS,64,B,3,53,July,,,,,,,,,,,,,,,,,,4,0,0,0,0,0,0,,0,,0,0,0,
MT,MJS,65,A,15,290,Aug,37,24,5,5,1,0,1,0,2,5,0,5,0,0,0,0,0,12,1,0,0,0,0,0,,,,,,,291
MT,MJS,65,A,15,290,July,,,,,,,,,,,,,,,,,,1,0,0,0,0,0,0,,0,,0,1,0,
MT,MJS,65,B,7,134,Aug,36,28,0,0,0,0,0,0,0,0,0,0,0,0,1,0,0,6,0,0,0,0,0,0,,,,,,,240
MT,MJS,65,B,7,134,July,,,,,,,,,,,,,,,,,,0,0,0,0,0,0,0,,0,,0,0,0,
MT,MJS,66,A,9,178,Aug,30,25,2,3,0,0,0,5,0,0,0,10,0,0,0,0,0,2,0,0,0,0,0,0,,,,,,,
MT,MJS,66,A,9,178,July,,,,,,,,,,,,,,,,,,1,0,0,0,0,0,0,,0,,0,1,0,
MT,MJS,66,B,6,118,Aug,17,14,0,0,0,0,0,0,0,0,0,0,0,0,0,0,0,4,0,0,0,0,0,0,,,,,,,
MT,MJS,66,B,6,118,July,,,,,,,,,,,,,,,,,,0,0,0,0,0,0,0,,0,,0,0,0,
MT,MPG,79,B,10,193,Aug,40,25,2,1,0,5,0,0,3,0,0,0,0,0,1,1,0,2,0,0,0,0,0,0,,,,,,,
MT,MPG,79,B,10,193,July,,,,,,,,,,,,,,,,,,0,0,0,0,0,0,0,,0,,0,1,0,
MT,MPG,80,A,14,269,Aug,44,20,2,1,0,2,0,0,5,0,0,0,0,0,1,1,0,5,0,0,0,0,0,0,,,,,,,423
MT,MPG,80,A,14,269,July,,,,,,,,,,,,,,,,,,1,0,0,0,0,0,0,,0,,0,0,0,
MT,MPG,80,B,16,314,Aug,49,31,3,2,0,0,0,5,5,0,0,5,0,0,0,0,2,13,0,0,0,0,0,0,,,,,,,319
MT,MPG,80,B,16,314,July,,,,,,,,,,,,,,,,,,0,0,0,0,0,10,1,Formica,0,,0,0,0,
MT,MPG,82,A,11,218,Aug,33,28,3,1,0,10,0,0,5,0,0,1,0,0,0,0,0,7,0,0,0,0,30,1,Lasius,,,,,,
MT,MPG,82,A,11,218,July,,,,,,,,,,,,,,,,,,0,0,0,0,0,0,0,,0,,0,0,0,
MT,MPG,82,B,6,102,Aug,29,21,2,1,20,0,0,1,0,0,0,0,0,0,0,1,0,3,0,0,0,0,0,0,,,,,,,
MT,MPG,82,B,6,102,July,,,,,,,,,,,,,,,,,,2,0,0,0,0,11,1,Formica,0,,0,0,0,
MT,MPG,83,B,16,317,Aug,34,18,9,20,35,20,25,45,15,40,0,30,0,0,0,0,0,4,0,0,0,0,0,0,,,,,,,316
MT,MPG,83,B,16,317,July,,,,,,,,,,,,,,,,,,1,0,0,0,0,0,0,,0,,1,0,0,
MT,MPG,84,A,15,297,Aug,30,22,4,5,0,0,0,20,5,0,5,2,0,0,0,0,0,15,0,0,0,0,7,0,,,,,,,335
MT,MPG,84,A,15,297,July,,,,,,,,,,,,,,,,,,3,0,0,0,0,0,0,,0,,1,0,0,
MT,MPG,84,B,18,342,Aug,4,8,0,0,0,0,0,0,0,0,0,0,0,0,0,0,0,0,0,0,0,0,0,0,,,,,,,
MT,MPG,84,B,18,342,July,,,,,,,,,,,,,,,,,,0,0,0,0,0,0,0,,0,,0,0,0,
MT,MPG,85,A,6,105,Aug,30,21,3,3,0,40,0,1,0,0,1,0,0,0,0,0,0,6,0,0,0,0,3,0,,,,,,,
MT,MPG,85,A,6,105,July,,,,,,,,,,,,,,,,,,1,0,0,0,0,0,0,,0,,0,0,0,
MT,MPG,85,B,14,273,Aug,35,24,1,0.5,0,1,0,0,0,0,0,0,0,0,0,0,0,2,1,0,0,0,0,0,,,,,,,419
MT,MPG,85,B,14,273,July,,,,,,,,,,,,,,,,,,4,0,0,0,2,10,1,Formica,0,,0,1,0,
MT,MPG,86,B,8,148,Aug,27,31,0,0,0,0,0,0,0,0,0,0,0,0,1,0,1,6,0,0,0,0,0,0,,,,,,,
MT,MPG,86,B,8,148,July,,,,,,,,,,,,,,,,,,2,0,0,0,0,0,0,,0,,0,0,1,
MT,MPG,87,A,15,289,Aug,49,29,10,10,2,2,3,2,15,35,5,40,35,0,0,0,0,8,0,0,0,0,11,0,,,,,,,445
MT,MPG,87,A,15,289,July,,,,,,,,,,,,,,,,,,1,0,0,0,0,0,0,,0,,0,0,0,
MT,MPG,88,A,10,196,Aug,23,16,0,0,0,0,0,0,0,0,0,0,0,0,0,0,0,2,0,0,0,0,0,0,,,,,,,
MT,MPG,88,A,10,196,July,,,,,,,,,,,,,,,,,,4,0,0,0,0,0,0,,0,,0,0,0,
MT,MPG,89,B,13,250,Aug,32,25,2,2,0,15,0,0,0,5,0,0,0,0,0,0,0,5,0,0,0,0,2,1,Formica,,,,,,
MT,MPG,89,B,13,250,July,,,,,,,,,,,,,,,,,,1,0,0,0,0,0,0,,0,,0,1,0,
WI,SDA,109,A,18,345,Aug,48,17,2,2,0,2,0,0,0,20,0,0,0,0,1,0,1,5,0,0,0,0,0,0,,,,,,,
WI,SDA,109,A,18,345,July,,,,,,,,,,,,,,,,,,2,0,0,0,0,0,0,,0,,0,0,0,
WI,SDA,109,B,6,113,Aug,55,36,2,1,0,0,15,0,0,0,0,0,0,0,1,0,0,1,0,0,0,0,30,0,,,,,,,
WI,SDA,109,B,6,113,July,,,,,,,,,,,,,,,,,,0,0,0,0,0,0,0,,0,,0,0,1,
WI,SDA,110,A,18,343,Aug,39,20,6,6,1,0,5,0,6,2,0,5,0,0,0,0,0,9,0,0,0,0,0,0,,,,,,,
WI,SDA,110,A,18,343,July,,,,,,,,,,,,,,,,,,5,0,0,0,0,0,0,,0,,0,0,0,
WI,SDA,110,B,12,221,Aug,52,22,2,0.5,0,0,3,0,1,0,0,0,0,0,1,0,0,2,1,0,0,0,0,0,,,,,,,
WI,SDA,110,B,12,221,July,,,,,,,,,,,,,,,,,,0,0,0,0,0,0,0,,0,,0,0,0,
WI,SDA,111,A,14,266,Aug,57,20,4,2,10,0,0,10,0,5,5,0,0,0,1,0,0,2,0,0,0,0,0,0,,,,,,,313
WI,SDA,111,A,14,266,July,,,,,,,,,,,,,,,,,,0,0,0,0,0,0,0,,0,,0,0,0,
WI,SDA,111,B,6,117,Aug,46,25,3,1,0,1,0,0,0,0,0,0,0,0,1,0,0,2,0,0,0,0,0,0,,,,,,,
WI,SDA,111,B,6,117,July,,,,,,,,,,,,,,,,,,0,1,0,0,0,0,0,,0,,0,0,2,
WI,SDA,113,A,7,128,Aug,46,21,4,2,0,5,0,0,0,0,3,0,30,0,1,0,0,2,0,0,0,0,1,1,Formica,,,,,,
WI,SDA,113,A,7,128,July,,,,,,,,,,,,,,,,,,0,0,0,0,0,0,0,,0,,0,0,1,
WI,SDA,114,A,7,121,Aug,40,21,4,2,0,5,0,8,0,0,1,0,0,1,1,0,0,12,0,0,0,0,0,0,,,,,,,
WI,SDA,114,A,7,121,July,,,,,,,,,,,,,,,,,,3,0,0,0,2,20,2,Formica,0,,0,0,0,
WI,SDA,114,B,1,20,Aug,27,15,2,1,0,0,0,10,0,0,0,3,0,0,0,1,0,7,0,0,0,0,0,0,,,,,,,
WI,SDA,114,B,1,20,July,,,,,,,,,,,,,,,,,,2,0,0,0,0,0,0,,0,,1,0,0,
WI,SDA,115,A,3,54,Aug,57,22,4,2,0,1,0,5,0,3,0,0,10,0,0,0,0,1,0,0,0,0,2,0,,,,,,,
WI,SDA,115,A,3,54,July,,,,,,,,,,,,,,,,,,0,0,0,0,0,0,0,,0,,1,0,0,
WI,SDA,115,B,15,291,Aug,62,55,3,0.5,0,0,5,0,0,30,10,0,0,0,1,0,0,0,0,0,2,0,0,0,,,,,,,336
WI,SDA,115,B,15,291,July,,,,,,,,,,,,,,,,,,2,0,0,0,4,10,2,Formica,3,,0,0,0,
WI,SDA,116,A,12,232,Aug,42,17,1,0.1,0,0,0,0,0,1,0,0,0,0,0,0,0,6,0,0,0,0,0,0,,,,,,,
WI,SDA,116,A,12,232,July,,,,,,,,,,,,,,,,,,0,0,0,0,0,0,0,,0,,0,0,0,
WI,SDA,116,B,13,248,Aug,45,17,4,5,0,5,0,0,5,0,0,1,0,1,1,1,0,7,0,0,0,0,0,0,,,,,,,
WI,SDA,116,B,13,248,July,,,,,,,,,,,,,,,,,,3,0,0,0,0,0,0,,0,,0,0,0,
WI,SDA,117,A,3,52,Aug,49,18,0,0,0,0,0,0,0,0,0,0,0,0,0,0,0,4,0,0,0,0,0,0,,,,,,,
WI,SDA,117,A,3,52,July,,,,,,,,,,,,,,,,,,0,0,0,0,0,0,0,,0,,0,0,0,
WI,SDA,119,A,16,316,Aug,63,28,6,5,0,0,10,0,5,0,1,0,0,0,1,0,0,0,0,0,0,0,0,0,,,,,,,384
WI,SDA,119,A,16,316,July,,,,,,,,,,,,,,,,,,0,0,0,0,0,10,2,Formica,0,,1,0,0,
WI,SDA,120,A,14,274,Aug,26,12,2,5,0,5,0,0,2,0,0,0,0,0,0,0,0,3,0,0,1,0,0,0,,,,,,,343
WI,SDA,120,A,14,274,July,,,,,,,,,,,,,,,,,,1,0,0,0,0,0,0,,0,,0,0,0,
WI,SDA,120,B,16,318,Aug,49,28,6,5,0,0,1,0,0,5,0,1,0,1,0,0,0,14,0,0,1,0,0,0,,,,,,,295
WI,SDA,120,B,16,318,July,,,,,,,,,,,,,,,,,,3,0,0,0,0,0,0,,0,,0,0,0,
MT,BF,121,A,16,310,Aug,19,16,0,0,0,0,0,0,0,0,0,0,0,0,1,0,0,3,0,0,0,0,0,0,,,,,,,262
MT,BF,121,A,16,310,July,,,,,,,,,,,,,,,,,,1,1,0,0,0,0,0,,0,,0,0,0,
MT,BF,121,B,4,70,Aug,26,24,1,2,0,0,15,0,0,0,0,0,0,0,0,0,0,8,0,0,0,0,0,0,,,,,,,220
MT,BF,121,B,4,70,July,,,,,,,,,,,,,,,,,,0,0,0,0,0,0,0,,0,,0,0,0,
MT,BF,122,A,5,94,Aug,12,11,0,0,0,0,0,0,0,0,0,0,0,0,0,0,0,0,0,0,0,0,0,2,Lasius,,,,,,218
MT,BF,122,A,5,94,July,,,,,,,,,,,,,,,,,,0,0,0,0,1,0,0,,0,,0,0,0,
MT,BF,122,B,5,98,Aug,13,10,1,0.75,0,1,0,0,0,0,0,0,0,0,0,0,0,3,0,0,0,0,0,1,Lasius,,,,,,301
MT,BF,122,B,5,98,July,,,,,,,,,,,,,,,,,,0,0,0,0,0,0,0,,0,,0,0,0,
MT,BF,123,A,7,131,Aug,33,26,10,5,5,0,10,7,35,0,0,5,0,0,1,0,0,5,0,0,0,0,0,0,,,,,,,
MT,BF,123,A,7,131,July,,,,,,,,,,,,,,,,,,0,0,0,0,0,0,0,,0,,1,0,0,
MT,BF,123,B,2,21,Aug,28,18,0,0,0,0,0,0,0,0,0,0,0,0,1,3,1,14,0,0,0,0,0,0,,,,,,,
MT,BF,123,B,2,21,July,,,,,,,,,,,,,,,,,,0,0,0,0,0,13,2,Formica,0,,0,0,0,
MT,BF,124,A,7,133,Aug,31,21,1,1,10,0,0,0,0,0,0,0,0,0,1,0,0,1,0,0,0,0,0,0,,,,,,,
MT,BF,124,A,7,133,July,,,,,,,,,,,,,,,,,,0,0,0,0,0,0,0,,0,,0,1,0,
MT,BF,124,B,3,50,Aug,28,20,1,0.25,0,0,5,0,0,0,0,0,0,0,1,0,0,4,0,0,0,0,0,0,,,,,,,
MT,BF,124,B,3,50,July,,,,,,,,,,,,,,,,,,2,0,0,0,0,0,0,,0,,0,0,0,
MT,BF,125,A,13,253,Aug,18,18,0,0,0,0,0,0,0,0,0,0,0,0,0,0,0,5,0,0,0,0,0,0,,,,,,,
MT,BF,125,A,13,253,July,,,,,,,,,,,,,,,,,,7,0,0,0,0,0,0,,0,,0,0,0,
MT,BF,125,B,1,6,Aug,31,36,0,0,0,0,0,0,0,0,0,0,0,0,1,2,0,6,0,0,0,0,0,0,,,,,,,
MT,BF,125,B,1,6,July,,,,,,,,,,,,,,,,,,0,0,0,0,0,0,0,,0,,0,0,0,
MT,BF,126,A,10,194,Aug,32,23,1,0.5,2,0,0,0,0,0,0,0,0,0,0,0,0,3,0,0,0,0,0,0,,,,,,,
MT,BF,126,A,10,194,July,,,,,,,,,,,,,,,,,,1,0,0,0,0,0,0,,0,,0,1,0,
MT,BF,126,B,2,27,Aug,30,23,3,0.5,0,1,0,1,0,0,0,1,0,0,0,0,0,3,0,0,0,0,0,0,,,,,,,
MT,BF,126,B,2,27,July,,,,,,,,,,,,,,,,,,2,0,0,0,0,0,0,,0,,0,0,0,
MT,BF,127,A,12,233,Aug,33,18,1,1,0,0,0,0,5,0,0,0,0,0,0,0,0,6,0,0,0,0,0,0,,,,,,,
MT,BF,127,A,12,233,July,,,,,,,,,,,,,,,,,,2,0,0,0,0,0,0,,0,,0,0,0,
MT,BF,127,B,2,36,Aug,21,14,1,2,0,0,0,0,30,0,0,0,0,0,0,0,0,2,0,0,0,0,0,0,,,,,,,
MT,BF,127,B,2,36,July,,,,,,,,,,,,,,,,,,0,0,0,0,0,0,0,,0,,0,0,0,
MT,BF,128,A,16,306,Aug,37,28,6,2,1,0,5,1,0,0,1,0,5,0,1,0,0,8,0,0,0,0,0,0,,,,,,,163
MT,BF,128,A,16,306,July,,,,,,,,,,,,,,,,,,1,0,0,0,0,0,0,,0,,1,0,0,
MT,BF,128,B,3,57,Aug,23,20,3,2,0,5,0,0,1,5,0,0,0,0,1,0,0,2,0,0,0,0,0,0,,,,,,,
MT,BF,128,B,3,57,July,,,,,,,,,,,,,,,,,,0,0,0,0,0,0,0,,0,,0,0,0,
MT,BF,129,A,13,244,Aug,14,11,0,0,0,0,0,0,0,0,0,0,0,0,0,1,0,1,0,0,0,0,5,0,,,,,,,
MT,BF,129,A,13,244,July,,,,,,,,,,,,,,,,,,0,0,0,0,0,0,0,,0,,0,1,0,
MT,BF,129,B,18,347,Aug,20,15,2,2,0,5,0,0,15,0,0,0,0,0,1,0,0,4,0,0,0,0,0,0,,,,,,,
MT,BF,129,B,18,347,July,,,,,,,,,,,,,,,,,,0,0,0,0,0,0,0,,0,,0,1,0,
MT,BF,130,A,5,86,Aug,19,18,0,0,0,0,0,0,0,0,0,0,0,0,1,0,0,3,0,0,0,0,0,0,,,,,,,157
MT,BF,130,A,5,86,July,,,,,,,,,,,,,,,,,,0,0,0,0,0,0,0,,0,,0,0,0,
MT,BF,130,B,18,344,Aug,26,17,1,0.1,0,0,1,0,0,0,0,0,0,0,0,0,0,3,1,0,0,0,0,0,,,,,,,
MT,BF,130,B,18,344,July,,,,,,,,,,,,,,,,,,2,0,0,0,0,0,0,,0,,0,1,0,
MT,BF,131,A,5,95,Aug,25,23,3,2,15,0,0,1,0,0,1,0,0,0,1,0,0,0,1,0,0,0,0,0,,,,,,,328
MT,BF,131,A,5,95,July,,,,,,,,,,,,,,,,,,0,0,0,0,0,0,0,,0,,1,0,0,
MT,BF,131,B,16,302,Aug,23,21,1,1,0,0,5,0,0,0,0,0,0,0,0,0,0,2,0,0,0,0,8,0,,,,,,,71
MT,BF,131,B,16,302,July,,,,,,,,,,,,,,,,,,1,0,0,0,0,0,0,,0,,0,0,0,
MT,BF,132,A,4,62,Aug,28,20,2,5,0,0,55,0,5,0,0,0,0,0,1,0,0,4,0,0,0,0,0,0,,,,,,,124
MT,BF,132,A,4,62,July,,,,,,,,,,,,,,,,,,0,0,0,0,0,0,0,,0,,0,0,0,
MT,BF,132,B,14,276,Aug,17,22,0,0,0,0,0,0,0,0,0,0,0,0,1,0,0,5,0,0,0,0,5,0,,,,,,,113
MT,BF,132,B,14,276,July,,,,,,,,,,,,,,,,,,2,0,0,0,0,0,0,,0,,0,1,0,
WI,STB,134,A,3,43,Aug,54,21,5,5,0,15,0,10,7,0,0,5,0,12,1,0,0,0,0,0,0,0,0,0,,,,,,,
WI,STB,134,A,3,43,July,,,,,,,,,,,,,,,,,,0,0,0,0,5,100,9,Formica,0,,0,0,1,
WI,STB,134,B,1,15,Aug,31,12,3,2,0,6,0,0,1,0,0,2,0,0,0,0,0,4,0,1,0,0,0,0,,,,,,,
WI,STB,134,B,1,15,July,,,,,,,,,,,,,,,,,,0,0,0,0,0,20,2,Lasius,0,,0,0,0,
WI,STB,136,A,12,234,Aug,33,17,2,2,0,0,20,0,0,2,0,0,0,0,0,0,0,5,0,0,0,0,0,0,,,,,,,
WI,STB,136,A,12,234,July,,,,,,,,,,,,,,,,,,2,0,0,0,0,0,0,,0,,0,0,0,
WI,STB,136,B,7,124,Aug,31,16,6,8,0,30,5,0,2,0,0,0,0,0,0,0,0,0,0,0,0,0,0,0,,,,,,,
WI,STB,136,B,7,124,July,,,,,,,,,,,,,,,,,,0,0,0,0,0,0,0,,0,,1,0,0,
WI,STB,137,A,17,321,Aug,,,,,,,,,,,,,,,0,0,0,3,1,0,0,0,41,2,Formica,,,,,,
WI,STB,137,A,17,322,Aug,48,24,2,0.2,0,0,5,0,0,0,0,0,5,0,0,0,0,15,0,0,0,0,3,0,,,,,,,
WI,STB,137,A,17,321,July,,,,,,,,,,,,,,,,,,0,0,0,0,0,0,0,,0,,0,0,0,
WI,STB,137,A,17,322,July,,,,,,,,,,,,,,,,,,0,1,0,0,0,0,0,,0,,0,0,0,
WI,STB,137,B,6,111,Aug,71,40,6,2,0,4,15,0,0,0,10,0,1,0,1,0,0,0,0,0,0,0,0,0,,,,,,,
WI,STB,137,B,6,111,July,,,,,,,,,,,,,,,,,,0,0,0,0,0,0,0,,3,,0,0,0,
WI,STB,138,A,11,217,Aug,11,8,0,0,0,0,0,0,0,0,0,0,0,0,0,0,0,0,0,0,0,0,0,0,,,,,,,
WI,STB,138,A,11,217,July,,,,,,,,,,,,,,,,,,0,0,0,0,0,0,0,,0,,0,0,0,
WI,STB,138,B,4,68,Aug,56,18,3,5,8,0,7,40,0,0,0,0,0,0,0,0,0,6,0,0,0,0,0,0,,,,,,,271
WI,STB,138,B,4,68,July,,,,,,,,,,,,,,,,,,0,0,0,0,0,0,0,,0,,1,0,0,
WI,STB,139,A,14,272,Aug,39,30,4,2,5,0,0,15,5,0,0,25,0,0,1,0,0,0,0,0,0,0,0,0,,,,,,,427
WI,STB,139,A,14,272,July,,,,,,,,,,,,,,,,,,0,0,0,0,0,0,0,,0,,0,1,0,
WI,STB,141,A,8,149,Aug,70,54,2,0.5,0,0,0,0,5,0,0,0,0,0,1,0,0,1,0,0,2,0,22,1,Formica,,,,,,
WI,STB,141,A,8,149,July,,,,,,,,,,,,,,,,,,0,0,0,0,0,0,0,,3,,0,0,1,
WI,STB,141,B,13,256,Aug,38,18,1,0.1,0,1,0,0,0,0,0,0,0,0,0,0,0,2,0,0,0,0,0,0,,,,,,,
WI,STB,141,B,13,256,July,,,,,,,,,,,,,,,,,,0,0,0,0,0,0,0,,0,,0,0,0,
WI,STB,142,A,2,28,Aug,41,23,0,0,0,0,0,0,0,0,0,0,0,0,0,0,0,1,0,0,0,1,40,5,Myrmica,,,,,,
WI,STB,142,A,2,28,July,,,,,,,,,,,,,,,,,,0,0,0,0,0,8,3,Formica,0,,0,0,0,
WI,STB,142,B,7,137,Aug,50,24,2,3,0,30,0,0,15,0,0,0,0,0,1,0,0,0,0,0,0,0,0,0,,,,,,,301
WI,STB,142,B,7,137,July,,,,,,,,,,,,,,,,,,0,0,0,0,0,0,0,,0,,1,0,0,
WI,STB,143,A,14,271,Aug,52,20,8,5,5,0,0,15,25,20,15,20,0,5,0,0,0,1,0,0,0,0,0,0,,,,,,,471
WI,STB,143,A,14,271,July,,,,,,,,,,,,,,,,,,0,0,0,0,0,0,0,,0,,0,0,0,
WI,STB,143,B,18,351,Aug,68,23,9,10,1,20,5,0,2,7,5,0,10,0,0,1,0,3,0,0,0,0,0,0,,,,,,,
WI,STB,143,B,18,351,July,,,,,,,,,,,,,,,,,,1,0,0,0,0,0,0,,0,,1,0,0,
MT,MS,150,A,8,151,Aug,17,12,1,5,0,0,0,0,0,40,0,0,0,0,0,0,0,3,2,0,0,0,0,0,,,,,,,
MT,MS,150,A,8,151,July,,,,,,,,,,,,,,,,,,0,0,0,0,0,0,0,,0,,0,0,0,
MT,MS,150,B,17,340,Aug,31,26,1,0.5,0,0,1,0,0,0,0,0,0,0,0,0,0,1,0,0,0,0,0,0,,,,,,,
MT,MS,150,B,17,340,July,,,,,,,,,,,,,,,,,,0,0,0,0,0,0,0,,0,,0,0,0,
MT,MS,150,C,17,337,Aug,43,49,3,1,2,0,5,0,0,5,0,0,0,0,1,0,0,7,0,0,0,0,0,0,,,,,,,
MT,MS,150,C,17,337,July,,,,,,,,,,,,,,,,,,0,0,0,0,0,0,0,,0,,0,1,0,
MT,MS,150,D,10,200,Aug,31,20,0,0,0,0,0,0,0,0,0,0,0,0,0,0,0,4,0,0,0,0,0,0,,,,,,,
MT,MS,150,D,10,200,July,,,,,,,,,,,,,,,,,,1,0,0,0,0,0,0,,0,,0,1,0,
MT,MS,150,E,13,254,Aug,35,28,6,5,1,0,5,10,3,0,0,60,10,0,1,0,0,3,1,0,0,0,0,0,,,,,,,
MT,MS,150,E,13,254,July,,,,,,,,,,,,,,,,,,1,0,0,0,0,0,0,,0,,0,0,0,
MT,MS,151,A,4,80,Aug,14,6,0,0,0,0,0,0,0,0,0,0,0,0,0,0,0,5,0,0,0,0,0,1,Myrmica,,,,,,0
MT,MS,151,A,4,80,July,,,,,,,,,,,,,,,,,,3,0,0,0,0,5,5,Lasius,0,,0,0,0,
MT,MS,151,B,11,202,Aug,19,22,1,0.75,0,5,0,0,0,0,0,0,0,0,0,3,0,9,0,0,0,0,0,0,,,,,,,
MT,MS,151,B,11,202,July,,,,,,,,,,,,,,,,,,5,0,0,0,0,0,0,,0,,0,0,0,
MT,MS,152,A,14,270,Aug,24,16,3,2,0,0,5,0,15,0,0,50,0,0,0,0,0,3,0,0,0,0,0,0,,,,,,,394
MT,MS,152,A,14,270,July,,,,,,,,,,,,,,,,,,2,0,0,0,0,0,0,,0,,1,0,0,
MT,MS,152,B,8,156,Aug,21,14,0,0,0,0,0,0,0,0,0,0,0,0,0,0,0,6,0,0,0,0,0,0,,,,,,,
MT,MS,152,B,8,156,July,,,,,,,,,,,,,,,,,,1,0,0,0,0,0,0,,0,,0,0,0,
MT,MS,152,C,17,331,Aug,28,20,7,10,1,5,0,45,0,15,0,0,7,0,0,0,0,6,0,0,0,0,0,0,,,,,,,
MT,MS,152,C,17,331,July,,,,,,,,,,,,,,,,,,2,0,0,0,0,0,0,,0,,0,0,0,
MT,MS,152,D,8,154,Aug,25,22,1,1,0,0,5,0,0,0,0,0,0,0,0,0,0,3,0,0,0,0,0,0,,,,,,,
MT,MS,152,D,8,154,July,,,,,,,,,,,,,,,,,,2,0,0,0,0,0,0,,0,,0,0,0,
MT,MS,152,E,12,235,Aug,31,18,1,0.5,0,1,0,0,0,0,0,0,0,0,0,0,0,7,0,0,0,0,0,0,,,,,,,
MT,MS,152,E,12,235,July,,,,,,,,,,,,,,,,,,2,0,0,0,0,0,0,,0,,0,1,0,
MT,MS,153,A,15,299,Aug,24,19,2,1,0,5,0,5,0,0,0,0,0,0,0,0,0,9,0,0,1,0,0,0,,,,,,,243
MT,MS,153,A,15,299,July,,,,,,,,,,,,,,,,,,7,0,0,0,0,0,0,,0,,0,0,0,
MT,MS,153,B,15,288,Aug,31,24,1,2,0,5,0,0,0,0,0,0,0,0,1,0,0,21,0,0,0,0,0,0,,,,,,,259
MT,MS,153,B,15,288,July,,,,,,,,,,,,,,,,,,2,0,0,0,0,0,0,,0,,0,0,0,
MT,MS,154,A,17,333,Aug,18,14,0,0,0,0,0,0,0,0,0,0,0,0,0,0,0,0,0,0,0,0,0,0,,,,,,,
MT,MS,154,A,17,333,July,,,,,,,,,,,,,,,,,,4,0,0,0,0,0,0,,0,,0,1,0,
MT,MS,154,B,16,301,Aug,34,20,0,0,0,0,0,0,0,0,0,0,0,0,0,0,0,8,0,0,0,0,0,0,,,,,,,
MT,MS,154,B,16,301,July,,,,,,,,,,,,,,,,,,4,0,0,0,0,0,0,,0,,0,0,0,
MT,MS,154,C,18,352,Aug,29,24,0,0,0,0,0,0,0,0,0,0,0,0,0,0,0,14,0,0,0,0,1,0,,,,,,,
MT,MS,154,C,18,352,July,,,,,,,,,,,,,,,,,,7,0,0,0,0,0,0,,0,,0,1,0,
MT,MS,154,D,13,242,Aug,30,17,12,40,5,25,15,7,75,65,60,10,0,0,0,0,0,5,0,0,0,0,0,0,,,,,,,
MT,MS,154,D,13,242,July,,,,,,,,,,,,,,,,,,0,0,0,0,0,0,0,,0,,0,0,0,
MT,MS,154,E,6,115,Aug,12,26,0,0,0,0,0,0,0,0,0,0,0,0,0,0,0,0,0,0,0,0,0,0,,,,,,,
MT,MS,154,E,6,115,July,,,,,,,,,,,,,,,,,,0,0,0,0,1,0,0,,0,,0,1,0,
MT,MS,155,A,11,201,Aug,27,19,3,2,0,5,0,0,2,0,0,0,0,0,1,0,0,7,0,0,0,0,18,0,,,,,,,
MT,MS,155,A,11,201,July,,,,,,,,,,,,,,,,,,0,0,0,0,0,0,0,,0,,0,0,0,
MT,MS,155,B,16,305,Aug,33,26,5,5,0,10,0,0,15,5,0,0,0,0,0,0,0,13,0,0,0,0,27,5,Lasius,,,,,,394
MT,MS,155,B,16,305,July,,,,,,,,,,,,,,,,,,4,0,0,0,0,7,1,Formica,0,,0,0,0,
MT,MS,155,C,12,236,Aug,30,23,5,5,65,0,0,60,0,30,70,0,60,0,0,0,0,2,0,0,0,0,0,0,,,,,,,
MT,MS,155,C,12,236,July,,,,,,,,,,,,,,,,,,0,0,0,0,0,0,0,,0,,0,1,0,
MT,MS,155,D,14,263,Aug,33,22,3,0.5,0,5,2,0,0,0,0,1,0,0,1,0,0,19,0,0,0,0,40,2;6,Formica; Myrmica,,,,,,264
MT,MS,155,D,14,263,July,,,,,,,,,,,,,,,,,,3,0,0,0,0,0,0,,0,,0,0,0,
MT,MS,155,E,4,76,Aug,22,16,0,0,0,0,0,0,0,0,0,0,0,0,0,0,0,14,0,0,0,0,14,3,Myrmica,,,,,,310
MT,MS,155,E,4,76,July,,,,,,,,,,,,,,,,,,0,0,0,0,0,0,0,,0,,0,0,0,
MT,MS,156,A,12,227,Aug,29,24,2,2,0,40,15,0,0,0,0,0,0,0,0,0,0,5,0,0,0,0,4,0,,,,,,,
MT,MS,156,A,12,227,July,,,,,,,,,,,,,,,,,,1,0,1,0,0,0,0,,0,,0,0,0,
MT,MS,156,B,14,268,Aug,39,27,0,0,0,0,0,0,0,0,0,0,0,0,0,0,0,4,0,0,0,0,0,0,,,,,,,398
MT,MS,156,B,14,268,July,,,,,,,,,,,,,,,,,,0,0,0,0,0,0,0,,0,,0,0,0,
MT,MS,156,C,3,46,Aug,22,20,0,0,0,0,0,0,0,0,0,0,0,0,0,0,0,3,0,0,0,0,0,0,,,,,,,
MT,MS,156,C,3,46,July,,,,,,,,,,,,,,,,,,0,0,0,0,0,0,0,,0,,0,0,0,
MT,MS,156,D,12,226,Aug,44,6,3,15,2,10,1,0,0,0,,,,,0,0,0,2,1,0,0,0,0,0,,,,,,,
MT,MS,156,D,12,226,July,,,,,,,,,,,,,,,,,,1,0,0,0,0,0,0,,1,5-Jul,0,0,0,
MT,MS,156,E,8,145,Aug,34,22,0,0,0,0,0,0,0,0,0,0,0,0,1,0,0,3,1,0,0,0,0,0,,,,,,,
MT,MS,156,E,8,145,July,,,,,,,,,,,,,,,,,,1,0,0,0,0,0,0,,0,,0,1,0,
MT,MS,157,A,17,329,Aug,35,23,1,0.1,0,0,1,0,0,0,0,0,0,0,0,1,0,8,0,0,0,0,4,0,,,,,,,
MT,MS,157,A,17,329,July,,,,,,,,,,,,,,,,,,1,0,0,0,0,0,0,,0,,0,1,0,
MT,MS,157,B,14,262,Aug,25,24,3,2,0,70,0,10,15,0,0,0,0,0,0,1,0,0,0,0,0,0,0,0,,,,,,,369
MT,MS,157,B,14,262,July,,,,,,,,,,,,,,,,,,0,0,0,0,0,0,0,,0,,1,0,0,
MT,MS,157,C,17,332,Aug,31,19,1,1,0,0,0,0,0,0,0,0,4,0,0,0,0,2,0,0,0,0,0,0,,,,,,,
MT,MS,157,C,17,332,July,,,,,,,,,,,,,,,,,,3,0,0,0,0,0,0,,0,,0,1,0,
MT,MS,157,D,7,138,Aug,12,10,0,0,0,0,0,0,0,0,0,0,0,0,0,0,0,0,0,0,0,0,0,0,,,,,,,222
MT,MS,157,D,7,138,July,,,,,,,,,,,,,,,,,,0,0,0,0,0,0,0,,0,,0,0,0,
MT,MS,157,E,3,48,Aug,28,19,0,0,0,0,0,0,0,0,0,0,0,0,1,0,0,4,1,0,0,0,0,0,,,,,,,
MT,MS,157,E,3,48,July,,,,,,,,,,,,,,,,,,0,0,0,0,0,0,0,,0,,0,0,0,
MT,MS,158,A,2,35,Aug,27,22,1,0.1,0,0,0,1,0,0,0,0,0,0,0,0,0,9,0,0,0,0,0,0,,,,,,,
MT,MS,158,A,2,35,July,,,,,,,,,,,,,,,,,,0,0,0,0,0,0,0,,0,,0,0,0,
MT,MS,158,B,4,66,Aug,35,25,1,0.5,0,0,0,0,0,2,0,0,0,0,0,1,1,3,0,0,0,0,0,0,,,,,,,312
MT,MS,158,B,4,66,July,,,,,,,,,,,,,,,,,,0,0,0,0,0,0,0,,0,,0,0,0,
MT,MS,158,C,1,11,Aug,20,12,0,0,0,0,0,0,0,0,0,0,0,0,0,0,0,12,0,0,0,0,0,0,,,,,,,
MT,MS,158,C,1,11,July,,,,,,,,,,,,,,,,,,0,0,0,0,0,0,0,,0,,0,1,0,
MT,MS,158,D,12,228,Aug,25,20,1,0.25,0,0,1,0,0,0,0,0,0,0,1,0,1,3,0,0,0,0,35,2,Formica,,,,,,
MT,MS,158,D,12,228,July,,,,,,,,,,,,,,,,,,5,0,0,0,0,0,0,,0,,0,0,0,
MT,MS,158,E,13,247,Aug,35,26,4,2,10,0,5,0,0,1,0,0,1,0,0,0,0,4,0,0,0,0,0,0,,,,,,,
MT,MS,158,E,13,247,July,,,,,,,,,,,,,,,,,,2,0,0,0,0,0,0,,0,,0,0,0,
MT,MS,159,A,9,171,Aug,16,14,6,20,0,5,0,20,3,0,0,0,5,0,0,0,0,9,0,0,0,0,14,0,,,,,,,
MT,MS,159,A,9,171,July,,,,,,,,,,,,,,,,,,4,0,0,0,0,0,0,,0,,0,0,0,
MT,MS,159,B,15,292,Aug,13,22,2,2,0,0,5,0,0,10,0,0,0,0,0,0,0,3,0,0,0,0,1,0,,,,,,,334
MT,MS,159,B,15,292,July,,,,,,,,,,,,,,,,,,1,0,0,0,0,0,0,,0,,0,0,0,
MT,MS,159,C,7,132,Aug,25,16,0,0,0,0,0,0,0,0,0,0,0,0,0,0,0,12,1,0,0,0,4,0,,,,,,,
MT,MS,159,C,7,132,July,,,,,,,,,,,,,,,,,,2,0,0,0,0,0,0,,0,,0,0,0,
MT,MS,159,D,18,358,Aug,27,26,1,1,0,5,0,0,0,0,0,0,0,0,0,0,0,10,0,0,0,0,0,0,,,,,,,
MT,MS,159,D,18,358,July,,,,,,,,,,,,,,,,,,1,0,0,0,0,0,0,,0,,0,1,0,
MT,MS,159,E,3,56,Aug,23,18,0,0,0,0,0,0,0,0,0,0,0,0,0,0,0,9,0,0,0,0,0,0,,,,,,,
MT,MS,159,E,3,56,July,,,,,,,,,,,,,,,,,,0,0,0,1,0,0,0,,0,,0,0,0,
MT,MS,160,A,3,47,Aug,13,16,1,1,0,0,5,0,0,0,0,0,0,0,0,0,0,2,0,0,0,0,0,0,,,,,,,
MT,MS,160,A,3,47,July,,,,,,,,,,,,,,,,,,0,0,0,0,0,0,0,,0,,0,0,0,
MT,MS,160,B,4,69,Aug,22,16,1,2,0,0,0,2,0,0,0,0,0,0,0,0,0,5,0,0,0,0,0,0,,,,,,,295
MT,MS,160,B,4,69,July,,,,,,,,,,,,,,,,,,0,0,0,0,0,0,0,,0,,0,0,0,
MT,MS,160,C,7,130,Aug,23,17,0,0,0,0,0,0,0,0,0,0,0,0,0,0,0,14,0,0,0,0,0,0,,,,,,,
MT,MS,160,C,7,130,July,,,,,,,,,,,,,,,,,,0,0,0,0,0,0,0,,0,,0,0,0,
MT,MS,160,D,9,170,Aug,24,28,7,15,0,0,15,5,0,0,0,40,0,0,0,0,0,2,0,2,0,0,0,0,,,,,,,
MT,MS,160,D,9,170,July,,,,,,,,,,,,,,,,,,0,0,1,0,0,0,0,,0,,0,0,0,
MT,MS,160,E,18,349,Aug,36,16,2,0.5,0,1,0,0,0,10,0,0,0,0,0,0,0,8,0,0,0,0,0,0,,,,,,,
MT,MS,160,E,18,349,July,,,,,,,,,,,,,,,,,,3,0,0,0,0,1,1,Lasius,0,,0,0,0,
MT,MS,161,A,17,330,Aug,47,26,6,5,20,0,5,0,0,10,5,0,10,0,0,0,0,7,0,0,0,0,0,0,,,,,,,
MT,MS,161,A,17,330,July,,,,,,,,,,,,,,,,,,4,0,0,0,0,0,0,,0,,0,0,0,
MT,MS,161,B,3,59,Aug,33,26,1,1,0,0,0,0,3,0,0,0,0,0,0,0,0,22,1,0,0,0,0,0,,,,,,,
MT,MS,161,B,3,59,July,,,,,,,,,,,,,,,,,,3,0,0,0,0,0,0,,0,,0,0,0,
MT,MS,161,C,18,353,Aug,41,33,4,1,0,0,2,0,0,10,0,0,0,0,0,0,0,3,0,0,0,0,0,0,,,,,,,
MT,MS,161,C,18,353,July,,,,,,,,,,,,,,,,,,2,0,0,0,1,3,0,,0,,0,1,0,
MT,MS,161,D,9,168,Aug,36,23,3,1,0,1,0,0,1,0,0,0,0,0,1,0,0,7,0,0,0,0,0,0,,,,,,,
MT,MS,161,D,9,168,July,,,,,,,,,,,,,,,,,,4,0,0,0,0,0,0,,0,,0,0,0,
MT,MS,161,E,9,167,Aug,40,27,5,5,0,5,0,0,15,0,0,3,0,0,1,0,0,2,0,0,0,0,0,0,,,,,,,
MT,MS,161,E,9,167,July,,,,,,,,,,,,,,,,,,0,0,0,0,0,0,0,,0,,0,1,0,
WI,BEN,162,A,13,257,Aug,51,18,0,0,0,0,0,0,0,0,0,0,0,0,1,0,0,7,0,0,0,0,0,0,,,,,,,
WI,BEN,162,A,13,257,July,,,,,,,,,,,,,,,,,,4,0,0,0,0,0,0,,0,,0,0,0,
WI,BEN,162,B,3,42,Aug,63,16,2,2,0,0,5,0,0,0,0,0,10,0,1,2,1,2,0,0,0,0,0,0,,,,,,,
WI,BEN,162,B,3,42,July,,,,,,,,,,,,,,,,,,0,0,0,0,1,20,1,Formica,2,13-Jul,0,0,0,
WI,BEN,163,A,16,315,Aug,43,22,3,2,0,0,5,0,0,40,0,0,15,0,0,0,0,4,0,0,0,0,0,0,,,,,,,285
WI,BEN,163,A,16,315,July,,,,,,,,,,,,,,,,,,2,0,0,0,0,0,0,,0,,0,0,0,
WI,BEN,163,B,5,91,Aug,43,24,7,20,5,25,0,5,0,0,5,35,0,0,1,0,0,11,0,0,0,0,0,0,,,,,,,280
WI,BEN,163,B,5,91,July,,,,,,,,,,,,,,,,,,3,0,0,0,0,0,0,,0,,0,0,0,
WI,BEN,164,A,15,300,Aug,41,17,0,0,0,0,0,0,0,0,0,0,0,0,0,0,0,1,0,0,0,0,0,0,,,,,,,450
WI,BEN,164,A,15,300,July,,,,,,,,,,,,,,,,,,0,0,0,0,0,0,0,,0,,0,0,0,
WI,BEN,164,B,13,241,Aug,41,17,2,0.5,0,1,0,0,0,0,5,0,0,0,1,1,0,9,0,0,0,0,0,0,,,,,,,
WI,BEN,164,B,13,241,July,,,,,,,,,,,,,,,,,,4,0,0,0,0,0,0,,0,,0,0,0,
WI,BEN,164,C,18,357,July,,,,,,,,,,,,,,,,,,0,0,0,0,0,0,0,,0,,0,0,0,
WI,BEN,164,D,8,150,Aug,52,22,5,5,0,5,0,10,0,0,15,0,0,0,0,0,0,3,0,0,0,0,0,0,,,,,,,
WI,BEN,164,D,8,150,July,,,,,,,,,,,,,,,,,,2,0,0,0,7,0,0,,0,,0,0,0,
WI,BEN,164,E,6,120,Aug,45,21,1,0.25,0,0,5,0,0,0,0,0,0,0,0,0,0,7,0,0,0,0,0,0,,,,,,,
WI,BEN,164,E,6,120,July,,,,,,,,,,,,,,,,,,3,0,0,0,0,0,0,,0,,0,0,0,
WI,BEN,165,A,4,74,Aug,45,17,3,2,0,2,0,0,0,0,0,1,0,0,0,0,1,1,0,0,0,0,0,0,,,,,,,259
WI,BEN,165,A,4,74,July,,,,,,,,,,,,,,,,,,0,0,0,0,0,0,0,,0,,0,0,0,
WI,BEN,165,B,4,71,Aug,48,20,0,0,0,0,0,0,0,0,0,0,0,0,0,0,0,4,0,0,0,0,0,0,,,,,,,266
WI,BEN,165,B,4,71,July,,,,,,,,,,,,,,,,,,0,0,0,0,0,0,0,,0,,0,0,0,
WI,BEN,166,A,13,252,Aug,47,16,0,0,0,0,0,0,0,0,0,0,0,0,1,0,0,1,0,0,0,0,7,0,,,,,,,
WI,BEN,166,A,13,252,July,,,,,,,,,,,,,,,,,,1,0,0,0,0,0,0,,0,,0,0,0,
WI,BEN,166,B,6,116,Aug,48,20,4,2,0,5,0,0,10,0,0,0,0,0,0,0,0,0,0,0,0,0,0,0,,,,,,,
WI,BEN,166,B,6,116,July,,,,,,,,,,,,,,,,,,0,0,0,0,0,0,0,,0,,0,0,0,
WI,BEN,167,A,11,220,Aug,35,14,0,0,0,0,0,0,0,0,0,0,0,0,1,0,0,11,0,0,0,0,0,0,,,,,,,
WI,BEN,167,A,11,220,July,,,,,,,,,,,,,,,,,,3,0,0,0,0,0,0,,0,,0,0,0,
WI,BEN,167,C,9,165,Aug,48,19,4,4,7,0,0,0,5,0,0,1,0,0,1,1,0,1,0,0,0,0,1,0,,,,,,,
WI,BEN,167,C,9,165,July,,,,,,,,,,,,,,,,,,1,0,0,0,0,0,0,,0,,0,0,0,
WI,BEN,167,D,18,359,Aug,62,28,4,5,0,10,0,5,0,7,0,0,10,0,0,1,0,3,0,0,0,0,0,0,,,,,,,
WI,BEN,167,D,18,359,July,,,,,,,,,,,,,,,,,,0,0,0,0,0,0,0,,0,,0,0,0,
WI,BEN,167,E,4,75,Aug,44,20,2,1,0,0,3,5,0,0,0,0,0,0,0,0,0,4,1,0,0,0,0,0,,,,,,,357
WI,BEN,167,E,4,75,July,,,,,,,,,,,,,,,,,,2,0,0,0,0,0,0,,0,,0,0,0,
WI,BEN,168,A,14,275,Aug,69,43,3,2,0,0,0,15,0,60,0,20,0,0,1,0,0,2,0,0,0,0,0,0,,,,,,,342
WI,BEN,168,A,14,275,July,,,,,,,,,,,,,,,,,,0,0,0,1,0,0,0,,0,,0,0,0,
WI,BEN,168,B,12,222,Aug,35,18,1,0.1,0,0,2,0,0,0,0,0,0,0,1,0,0,8,0,0,1,0,0,0,,,,,,,
WI,BEN,168,B,12,222,July,,,,,,,,,,,,,,,,,,4,0,0,0,0,0,0,,0,,0,0,0,
WI,BEN,168,C,7,126,Aug,34,20,5,2,30,0,10,0,0,5,0,0,30,20,1,0,0,3,0,0,0,0,0,0,,,,,,,
WI,BEN,168,C,7,126,July,,,,,,,,,,,,,,,,,,0,0,0,0,0,0,0,,0,,0,0,0,
WI,BEN,168,D,7,122,Aug,45,28,2,0.75,0,1,0,0,0,3,0,0,0,0,0,0,0,3,0,0,0,0,48,2,Formica,,,,,,
WI,BEN,168,D,7,122,July,,,,,,,,,,,,,,,,,,0,0,0,0,0,20,3,Formica,0,,0,0,0,
WI,BEN,168,E,15,296,Aug,60,45,3,2,0,5,1,0,0,10,0,0,0,0,1,1,0,0,0,0,0,0,1,0,,,,,,,365
WI,BEN,168,E,15,296,July,,,,,,,,,,,,,,,,,,0,0,0,0,0,0,0,,0,,0,0,0,
WI,BEN,169,A,15,281,Aug,48,13,1,2,0,0,15,0,0,0,0,0,0,0,1,0,1,8,1,2,0,0,0,0,,,,,,,393
WI,BEN,169,A,15,281,July,,,,,,,,,,,,,,,,,,0,0,2,0,0,0,0,,0,,0,0,0,
WI,BEN,169,B,13,249,Aug,52,18,2,0.25,0,0,2,0,0,1,0,0,0,0,0,0,0,0,0,0,0,0,0,0,,,,,,,
WI,BEN,169,B,13,249,July,,,,,,,,,,,,,,,,,,0,0,0,0,0,0,0,,0,,0,0,0,
WI,BEN,169,C,9,169,Aug,60,36,4,3,0,25,0,20,0,0,0,2,0,0,1,0,1,2,0,0,0,0,0,0,,,,,,,
WI,BEN,169,C,9,169,July,,,,,,,,,,,,,,,,,,1,0,0,0,0,0,0,,0,,0,0,0,
WI,BEN,169,D,17,339,Aug,34,18,3,5,3,0,0,5,0,10,0,0,0,0,0,0,0,8,0,0,0,0,0,0,,,,,,,
WI,BEN,169,D,17,339,July,,,,,,,,,,,,,,,,,,2,0,0,0,0,0,0,,0,,0,0,0,
WI,BEN,169,E,8,157,Aug,43,18,3,5,0,15,35,0,0,0,0,0,0,0,0,0,0,1,0,0,0,0,0,0,,,,,,,
WI,BEN,169,E,8,157,July,,,,,,,,,,,,,,,,,,0,0,0,0,0,0,0,,0,,0,0,0,
WI,BEN,170,A,16,313,Aug,50,36,12,5,10,15,0,20,20,0,5,0,10,0,0,0,0,4,0,0,0,0,6,0,,,,,,,218
WI,BEN,170,A,16,313,July,,,,,,,,,,,,,,,,,,0,0,0,0,0,0,1,Formica,1,,1,0,0,
WI,BEN,170,B,1,18,Aug,34,12,1,2,0,0,5,0,0,0,0,0,0,0,0,2,0,1,0,0,0,0,0,0,,,,,,,
WI,BEN,170,B,1,18,July,,,,,,,,,,,,,,,,,,0,0,0,0,0,0,0,,0,,1,0,0,
WI,BEN,170,C,17,338,Aug,44,18,1,1,0,0,5,0,0,0,0,0,0,0,1,0,0,11,0,0,0,0,1,0,,,,,,,
WI,BEN,170,C,17,338,July,,,,,,,,,,,,,,,,,,4,1,0,0,0,0,0,,0,,0,0,0,
WI,BEN,170,D,9,176,Aug,37,23,4,2,0,0,50,0,0,45,0,0,5,0,1,0,0,2,0,0,0,0,3,0,,,,,,,
WI,BEN,170,D,9,176,July,,,,,,,,,,,,,,,,,,0,0,0,0,0,0,0,,0,,0,0,0,
WI,BEN,170,E,8,141,Aug,39,12,0,0,0,0,0,0,0,0,0,0,0,0,1,0,0,9,0,0,0,0,47,0,,,,,,,
WI,BEN,170,E,8,141,July,,,,,,,,,,,,,,,,,,0,0,0,0,0,0,0,,0,,0,0,0,
WI,BEN,171,A,6,103,Aug,34,12,0,0,0,0,0,0,0,0,0,0,0,0,1,0,0,3,0,0,0,0,9,0,,,,,,,
WI,BEN,171,A,6,103,July,,,,,,,,,,,,,,,,,,2,0,0,0,0,0,0,,0,,0,0,0,
WI,BEN,171,B,11,214,Aug,52,18,3,2,0,5,0,0,20,0,0,0,15,0,0,0,0,1,0,0,0,0,0,0,,,,,,,
WI,BEN,171,B,11,214,July,,,,,,,,,,,,,,,,,,0,0,0,0,0,0,0,,0,,0,0,1,
WI,BEN,171,C,5,83,Aug,42,34,4,2,1,0,5,2,0,0,30,0,0,0,1,0,0,4,0,0,0,0,0,0,,,,,,,207
WI,BEN,171,C,5,83,July,,,,,,,,,,,,,,,,,,0,0,0,0,0,0,0,,0,,1,0,0,
WI,BEN,171,D,9,166,Aug,50,20,3,1,0,0,0,20,0,0,0,0,1,0,1,0,0,0,0,0,0,0,26,1,Formica,,,,,,
WI,BEN,171,D,9,166,July,,,,,,,,,,,,,,,,,,0,0,0,0,0,10,5,Formica,0,,0,0,0,
WI,BEN,171,E,4,64,Aug,45,20,7,5,5,3,0,5,7,0,0,0,0,0,1,0,0,2,0,0,0,0,0,0,,,,,,,423
WI,BEN,171,E,4,64,July,,,,,,,,,,,,,,,,,,0,0,0,0,0,0,0,,0,,0,0,0,
WI,BEN,172,A,16,320,Aug,41,20,8,2,1,0,1,0,5,0,0,1,0,1,0,0,0,14,0,0,0,0,0,0,,,,,,,305
WI,BEN,172,A,16,320,July,,,,,,,,,,,,,,,,,,5,0,0,0,0,0,0,,0,,0,0,0,
WI,BEN,172,B,1,17,Aug,44,20,4,1,5,0,10,0,1,0,0,0,1,0,0,0,0,20,0,0,0,0,0,0,,,,,,,
WI,BEN,172,B,1,17,July,,,,,,,,,,,,,,,,,,0,0,0,0,0,0,0,,0,,0,0,0,
WI,BEN,172,C,12,237,Aug,54,37,1,0.25,0,0,7,0,0,0,0,0,0,0,0,1,0,3,0,0,0,0,0,0,,,,,,,
WI,BEN,172,C,12,237,July,,,,,,,,,,,,,,,,,,0,0,0,0,0,0,0,,0,,0,1,0,
WI,BEN,172,D,9,164,Aug,50,23,2,3,30,0,0,0,0,5,0,0,0,0,1,0,0,0,0,0,0,0,5,0,,,,,,,
WI,BEN,172,D,9,164,July,,,,,,,,,,,,,,,,,,0,0,0,0,0,0,0,,0,,0,0,0,
WI,BEN,172,E,5,85,Aug,27,16,2,2,1,0,0,0,3,0,0,0,0,0,1,0,0,0,0,0,0,0,0,0,,,,,,,296
WI,BEN,172,E,5,85,July,,,,,,,,,,,,,,,,,,0,0,0,0,0,0,0,,0,,0,0,0,
WI,BEN,173,A,18,346,Aug,57,77,3,1,0,5,0,0,10,0,0,0,40,0,0,0,0,9,0,0,0,0,0,0,,,,,,,
WI,BEN,173,A,18,346,July,,,,,,,,,,,,,,,,,,4,0,0,0,7,20,1,Formica,0,,0,0,0,
WI,BEN,173,B,15,282,Aug,50,41,8,10,15,5,0,10,15,10,0,5,5,5,1,0,0,2,0,0,0,0,10,2,Formica,,,,,,469
WI,BEN,173,B,15,282,July,,,,,,,,,,,,,,,,,,0,0,0,0,0,10,1,Lasius,0,,1,0,0,
WI,BEN,173,C,4,78,Aug,36,27,4,0.25,2,0,3,0,4,1,0,0,0,0,1,0,0,2,0,0,0,0,30,1,Myrmica,,,,,,286
WI,BEN,173,C,4,78,July,,,,,,,,,,,,,,,,,,0,0,0,0,0,5,1,unknown,0,,0,0,0,
WI,BEN,173,D,8,146,Aug,48,21,4,3,0,5,15,0,10,0,0,0,0,0,0,0,0,3,0,0,0,0,9,0,,,,,,,
WI,BEN,173,D,8,146,July,,,,,,,,,,,,,,,,,,3,0,0,0,0,0,0,,0,,0,0,1,
WI,BEN,173,E,16,303,Aug,48,29,2,0.1,0,10,0,0,0,1,0,0,0,0,1,0,0,3,0,0,0,15,65,2,Formica,,,,,,280
WI,BEN,173,E,16,303,July,,,,,,,,,,,,,,,,,,1,0,0,0,2,40,5,Formica,0,,0,0,0,
WI,SRD,174,A,6,109,Aug,58,56,5,2,0,0,0,0,0,5,0,30,0,0,1,0,0,1,0,0,0,0,0,0,,,,,,,
WI,SRD,174,A,6,109,July,,,,,,,,,,,,,,,,,,0,0,0,0,1,20,7,Formica,0,,0,0,0,
WI,SRD,174,B,8,158,Aug,41,22,5,3,0,60,0,10,0,0,20,0,0,0,4,0,0,9,0,0,0,0,0,0,,,,,,,
WI,SRD,174,B,8,158,July,,,,,,,,,,,,,,,,,,3,0,0,0,0,0,0,,0,,1,0,0,
WI,SRD,175,A,11,210,Aug,58,54,7,5,20,0,10,0,0,0,7,2,0,0,0,0,0,2,0,0,0,0,0,0,,,,,,,
WI,SRD,175,A,11,210,July,,,,,,,,,,,,,,,,,,1,0,0,0,0,0,0,,0,,1,0,0,
WI,SRD,175,B,2,26,Aug,49,22,2,3,2,0,0,0,75,0,0,0,0,0,0,0,3,4,0,0,0,0,0,0,,,,,,,
WI,SRD,175,B,2,26,July,,,,,,,,,,,,,,,,,,0,0,0,0,2,1,1,Formica,0,,0,0,0,
WI,SRD,176,A,10,186,Aug,40,19,0,0,0,0,0,0,0,0,0,0,0,0,0,0,0,0,0,0,0,0,0,0,,,,,,,
WI,SRD,176,A,10,186,July,,,,,,,,,,,,,,,,,,0,0,0,0,0,0,1,Formica,9,,0,0,0,
WI,SRD,176,B,5,92,Aug,4,3,1,28,0,65,0,,,,,,,,0,0,0,0,0,0,0,0,0,0,,,,,,,113
WI,SRD,176,B,5,92,July,,,,,,,,,,,,,,,,,,3,0,0,0,0,0,0,,0,,0,1,0,
WI,SRD,177,A,3,44,Aug,49,35,3,2,0,0,3,0,15,5,0,0,0,0,1,0,0,3,0,0,0,0,0,0,,,,,,,
WI,SRD,177,A,3,44,July,,,,,,,,,,,,,,,,,,0,0,0,0,0,0,0,,0,,0,0,0,
WI,SRD,177,B,5,90,Aug,39,17,1,1,0,10,0,0,0,0,0,0,0,0,1,0,0,9,0,0,0,0,0,0,,,,,,,146
WI,SRD,177,B,5,90,July,,,,,,,,,,,,,,,,,,1,0,0,0,0,0,0,,0,,0,0,0,
WI,SRD,178,A,11,215,Aug,39,22,1,0.5,0,0,2,0,0,0,0,0,0,0,1,0,0,3,0,0,0,0,0,0,,,,,,,
WI,SRD,178,A,11,215,July,,,,,,,,,,,,,,,,,,1,0,0,0,0,0,0,,0,,0,0,0,
WI,SRD,178,B,6,112,Aug,52,24,2,1,0,0,0,0,0,15,0,0,0,0,1,0,0,8,0,0,0,0,0,0,,,,,,,
WI,SRD,178,B,6,112,July,,,,,,,,,,,,,,,,,,0,0,0,0,0,0,0,,0,,0,0,0,
WI,SRD,179,A,7,125,Aug,60,36,8,5,0,0,30,5,0,2,0,0,0,0,0,0,0,2,0,0,1,0,7,0,,,,,,,
WI,SRD,179,A,7,125,July,,,,,,,,,,,,,,,,,,0,0,0,0,0,10,3,Formica,2,,0,0,0,
WI,SRD,179,B,6,106,Aug,67,40,9,10,0,20,0,0,5,65,0,15,0,20,1,0,0,0,0,0,1,0,0,0,,,,,,,
WI,SRD,179,B,6,106,July,,,,,,,,,,,,,,,,,,0,0,0,0,0,0,1,Formica,4,13-Jul,1,0,0,
WI,SRD,180,A,5,100,Aug,42,20,2,2,0,5,0,7,0,0,0,0,0,0,0,0,0,17,0,0,0,0,0,0,,,,,,,199
WI,SRD,180,A,5,100,July,,,,,,,,,,,,,,,,,,4,0,0,0,0,0,0,,0,,0,0,0,
WI,SRD,180,B,13,260,Aug,46,20,3,1,0,1,0,2,0,0,0,0,20,0,1,0,0,11,0,0,0,0,0,0,,,,,,,
WI,SRD,180,B,13,260,July,,,,,,,,,,,,,,,,,,2,0,0,0,0,0,0,,0,,0,0,0,
WI,SRD,181,A,12,230,Aug,50,20,1,0.5,0,0,0,8,0,0,0,0,0,0,0,0,0,0,0,0,0,0,16,0,,,,,,,
WI,SRD,181,A,12,230,July,,,,,,,,,,,,,,,,,,0,0,0,0,0,0,0,,0,,0,0,0,
WI,SRD,181,B,5,99,Aug,35,17,0,0,0,0,0,0,0,0,0,0,0,0,0,0,0,9,0,0,0,0,0,0,,,,,,,401
WI,SRD,181,B,5,99,July,,,,,,,,,,,,,,,,,,1,0,0,0,0,0,0,,0,,0,0,0,
WI,SRD,182,A,1,9,Aug,41,22,2,2,0,0,6,0,0,5,0,0,0,0,1,0,0,12,0,0,0,0,0,0,,,,,,,
WI,SRD,182,A,1,9,July,,,,,,,,,,,,,,,,,,4,0,0,0,0,0,0,,0,,0,0,0,
WI,SRD,182,B,14,277,Aug,59,22,6,5,10,5,0,0,0,40,25,0,0,30,1,0,0,5,0,0,0,0,0,0,,,,,,,440
WI,SRD,182,B,14,277,July,,,,,,,,,,,,,,,,,,2,0,0,0,0,0,0,,0,,1,0,0,
WI,SRD,183,A,6,119,Aug,47,19,2,0.5,0,5,0,0,0,0,0,0,0,0,1,0,0,8,0,0,0,0,0,0,,,,,,,
WI,SRD,183,A,6,119,July,,,,,,,,,,,,,,,,,,0,0,0,0,0,0,0,,0,,1,0,0,
WI,SRD,183,B,6,104,Aug,45,10,5,20,20,0,15,0,10,0,0,0,0,0,1,0,0,3,0,0,0,0,5,0,,,,,,,
WI,SRD,183,B,6,104,July,,,,,,,,,,,,,,,,,,3,0,0,0,0,0,0,,0,,1,0,0,
WI,SRD,185,A,15,294,Aug,49,33,2,0.5,0,0,0,0,2,0,0,5,0,0,0,0,0,6,0,0,0,0,0,0,,,,,,,317
WI,SRD,185,A,15,294,July,,,,,,,,,,,,,,,,,,1,0,0,0,0,0,2,Formica,0,,0,0,1,
WI,SRD,185,B,4,79,Aug,53,38,1,1,0,5,0,0,0,0,0,0,0,0,1,0,0,9,0,0,0,0,0,0,,,,,,,220
WI,SRD,185,B,4,79,July,,,,,,,,,,,,,,,,,,0,0,0,0,0,20,0,,0,,0,0,0,
MT,MJS,194,A,1,8,Aug,21,15,0,0,0,0,0,0,0,0,0,0,0,0,0,0,0,8,0,0,0,0,4,2,Myrmica,,,,,,
MT,MJS,194,A,1,8,July,,,,,,,,,,,,,,,,,,0,0,0,0,0,0,0,,0,,0,0,0,
MT,MJS,194,B,10,189,Aug,33,23,2,2,0,10,0,0,0,7,0,0,0,0,1,0,0,5,0,0,0,0,1,0,,,,,,,
MT,MJS,194,B,10,189,July,,,,,,,,,,,,,,,,,,2,0,0,0,0,0,0,,0,,0,0,0,
MT,MJS,195,A,5,97,Aug,21,17,0,0,0,0,0,0,0,0,0,0,0,0,0,0,0,5,0,0,0,0,0,0,,,,,,,447
MT,MJS,195,A,5,97,July,,,,,,,,,,,,,,,,,,1,0,0,0,0,0,0,,0,,0,0,0,
MT,MJS,195,B,14,261,Aug,31,22,1,1,0,0,0,0,0,0,5,0,0,0,0,0,0,5,0,0,0,0,0,0,,,,,,,287
MT,MJS,195,B,14,261,July,,,,,,,,,,,,,,,,,,4,0,0,0,0,0,0,,0,,0,1,0,
MT,MJS,196,A,15,293,Aug,37,24,3,2,0,5,0,0,5,0,0,5,0,0,0,0,0,3,0,0,0,0,0,0,,,,,,,311
MT,MJS,196,A,15,293,July,,,,,,,,,,,,,,,,,,4,0,0,0,0,0,0,,0,,0,0,0,
MT,MJS,196,B,10,188,Aug,28,19,0,0,0,0,0,0,0,0,0,0,0,0,0,0,0,7,0,0,0,0,0,0,,,,,,,
MT,MJS,196,B,10,188,July,,,,,,,,,,,,,,,,,,4,0,0,0,0,0,0,,0,,1,0,0,
MT,MJS,197,A,6,101,Aug,31,20,3,2,0,15,0,1,0,0,0,0,0,0,1,0,0,6,0,0,0,0,0,0,,,,,,,
MT,MJS,197,A,6,101,July,,,,,,,,,,,,,,,,,,4,0,0,0,0,0,0,,0,,0,1,0,
MT,MJS,197,B,2,34,Aug,25,16,2,5,0,25,0,0,5,0,0,0,0,0,0,0,0,9,0,0,0,0,0,0,,,,,,,
MT,MJS,197,B,2,34,July,,,,,,,,,,,,,,,,,,0,0,0,0,0,0,0,,0,,1,0,0,
WI,STB,198,A,1,19,Aug,26,14,4,5,0,25,0,0,10,0,0,2,5,0,1,1,0,3,0,0,0,0,0,0,,,,,,,
WI,STB,198,A,1,19,July,,,,,,,,,,,,,,,,,,0,0,0,0,0,0,0,,0,,0,0,0,
WI,STB,198,B,17,327,Aug,50,24,1,0.1,0,0,1,0,0,0,0,0,0,0,0,0,0,13,0,0,0,0,0,0,,,,,,,
WI,STB,198,B,17,327,July,,,,,,,,,,,,,,,,,,3,0,0,0,0,0,0,,0,,0,0,0,
WI,STB,199,A,18,350,Aug,92,38,5,2,0,2,0,0,0,5,0,5,0,0,0,0,0,0,0,0,6,0,3,3,Myrmica,,,,,,
WI,STB,199,A,18,350,July,,,,,,,,,,,,,,,,,,0,0,0,1,0,0,0,,6,14-Jul,0,0,0,
WI,STB,199,B,2,32,Aug,39,21,2,2,0,0,5,0,0,0,0,3,0,0,0,0,0,6,0,0,0,0,0,0,,,,,,,
WI,STB,199,B,2,32,July,,,,,,,,,,,,,,,,,,0,0,0,0,0,0,0,,0,,0,1,0,
MT,MPG,203,A,15,283,Aug,20,16,3,2,5,0,0,0,10,0,0,0,0,0,0,0,1,5,0,0,0,0,9,0,,,,,,,316
MT,MPG,203,A,15,283,July,,,,,,,,,,,,,,,,,,1,0,0,0,0,0,0,,0,,0,0,0,
MT,MPG,203,B,16,319,Aug,6,6,0,0,0,0,0,0,0,0,0,0,0,0,0,0,0,0,0,0,0,0,0,0,,,,,,,85
MT,MPG,203,B,16,319,July,,,,,,,,,,,,,,,,,,0,0,0,0,0,0,0,,0,,0,0,0,
MT,MPG,204,A,13,243,Aug,24,20,2,5,0,30,0,15,0,0,0,0,0,0,0,0,0,6,0,0,0,0,30,0,,,,,,,
MT,MPG,204,A,13,243,July,,,,,,,,,,,,,,,,,,2,0,0,0,0,0,0,,0,,0,1,0,
MT,MPG,204,B,2,33,Aug,37,25,0,0,0,0,0,0,0,0,0,0,0,0,0,0,0,12,0,0,0,0,0,0,,,,,,,
MT,MPG,204,B,2,33,July,,,,,,,,,,,,,,,,,,1,0,0,0,0,0,0,,0,,0,1,0,
MT,MPG,205,A,15,286,Aug,14,18,0,0,0,0,0,0,0,0,0,0,0,0,0,0,0,3,0,0,0,0,0,0,,,,,,,126
MT,MPG,205,A,15,286,July,,,,,,,,,,,,,,,,,,0,0,0,0,0,0,0,,0,,0,0,0,
MT,MPG,205,B,6,114,Aug,20,20,0,0,0,0,0,0,0,0,0,0,0,0,0,0,0,8,0,0,0,0,0,0,,,,,,,
MT,MPG,205,B,6,114,July,,,,,,,,,,,,,,,,,,2,0,0,0,0,0,0,,0,,0,0,0,
WI,SDA,206,A,12,229,Aug,32,14,1,0.5,0,0,0,0,2,0,0,0,0,0,1,0,0,12,0,0,0,0,0,0,,,,,,,
WI,SDA,206,A,12,229,July,,,,,,,,,,,,,,,,,,6,0,0,0,0,0,0,,0,,0,0,0,
WI,SDA,206,B,11,209,Aug,66,42,9,10,0,10,0,5,7,0,0,0,10,0,1,0,0,0,0,0,2,0,0,0,,,,,,,
WI,SDA,206,B,11,209,July,,,,,,,,,,,,,,,,,,0,0,0,0,0,0,0,,2,,0,0,0,
WI,SDA,207,A,2,29,Aug,37,17,2,0.1,0,0.5,0,0,0.5,0,0,0,0,0,0,0,0,7,0,0,0,0,0,0,,,,,,,
WI,SDA,207,A,2,29,July,,,,,,,,,,,,,,,,,,0,0,0,0,0,0,0,,0,,1,0,0,
WI,SDA,207,B,14,264,Aug,55,39,2,1,0,5,0,10,0,0,0,0,0,0,1,0,0,9,0,0,0,0,3,0,,,,,,,434
WI,SDA,207,B,14,264,July,,,,,,,,,,,,,,,,,,0,0,0,0,0,0,0,,0,,0,0,0,
WI,BEN,208,A,15,285,Aug,56,21,0,0,0,0,0,0,0,0,0,0,0,0,1,1,0,0,0,0,0,0,11,1,Formica,,,,,,431
WI,BEN,208,A,15,285,July,,,,,,,,,,,,,,,,,,1,0,0,0,0,0,0,,0,,0,0,0,
WI,BEN,208,B,11,207,Aug,34,22,0,0,0,0,0,0,0,0,0,0,0,0,0,0,0,7,0,0,0,0,0,0,,,,,,,
WI,BEN,208,B,11,207,July,,,,,,,,,,,,,,,,,,3,0,0,0,0,0,0,,0,,0,0,0,
WI,BEN,208,C,2,31,Aug,51,33,5,5,0,20,15,0,0,4,40,0,0,0,1,0,0,2,0,0,0,0,0,0,,,,,,,
WI,BEN,208,C,2,31,July,,,,,,,,,,,,,,,,,,0,0,0,0,0,0,0,,0,,0,1,0,
WI,BEN,208,D,18,354,Aug,69,60,6,2,5,0,15,5,0,0,0,0,0,0,1,0,0,9,0,0,1,1,20,1,Formica,,,,,,
WI,BEN,208,D,18,354,July,,,,,,,,,,,,,,,,,,0,0,0,0,6,30,0,,0,,0,0,0,
WI,BEN,208,E,2,24,Aug,13,2,0,0,0,0,0,0,0,0,0,0,0,0,,,,,,,,,,,,,,,,,
WI,BEN,208,E,2,24,July,,,,,,,,,,,,,,,,,,0,0,0,0,0,0,0,,0,,0,0,0,
WI,BEN,209,A,1,10,Aug,51,18,0,0,0,0,0,0,0,0,0,0,0,0,1,0,0,13,0,0,0,0,0,0,,,,,,,
WI,BEN,209,A,1,10,July,,,,,,,,,,,,,,,,,,0,0,0,0,0,0,0,,0,,1,0,0,
WI,BEN,209,B,9,179,Aug,44,20,2,1,0,5,0,0,0,1,0,0,0,0,0,0,0,4,0,0,0,0,0,0,,,,,,,
WI,BEN,209,B,9,179,July,,,,,,,,,,,,,,,,,,0,0,0,0,0,0,0,,0,,0,0,0,
WI,BEN,209,C,9,175,Aug,48,20,1,0.25,0,0,2,0,0,0,0,0,0,0,0,1,0,1,0,0,0,0,12,0,,,,,,,
WI,BEN,209,C,9,175,July,,,,,,,,,,,,,,,,,,1,0,0,0,0,0,0,,0,,0,0,0,
WI,BEN,209,D,17,334,Aug,52,24,3,0.5,0,0,1,0,0,15,35,0,0,0,1,0,0,2,1,0,0,0,0,0,,,,,,,
WI,BEN,209,D,17,334,July,,,,,,,,,,,,,,,,,,2,1,0,0,0,0,0,,0,,0,1,0,
WI,BEN,209,E,3,51,Aug,35,19,0,0,0,0,0,0,0,0,0,0,0,0,0,0,0,6,1,0,0,0,0,0,,,,,,,
WI,BEN,209,E,3,51,July,,,,,,,,,,,,,,,,,,0,0,0,0,0,0,0,,0,,0,0,0,
WI,BOL,210,A,17,323,Aug,33,18,1,0.1,0,1,0,0,0,0,0,0,0,0,0,0,0,4,0,0,1,13,62,0,,,,,,,
WI,BOL,210,A,17,323,July,,,,,,,,,,,,,,,,,,1,0,0,0,0,0,0,,0,,0,0,0,
WI,BOL,211,A,11,204,Aug,23,11,1,1,0,0,0,10,0,0,0,0,0,0,0,0,1,0,0,0,0,0,0,0,,,,,,,
WI,BOL,211,A,11,204,July,,,,,,,,,,,,,,,,,,0,0,0,0,0,0,0,,0,,0,1,0,
WI,BOL,212,A,10,197,Aug,38,23,1,1,30,0,0,0,0,0,0,0,0,0,0,1,0,1,0,0,0,0,0,0,,,,,,,
WI,BOL,212,A,10,197,July,,,,,,,,,,,,,,,,,,0,0,0,0,0,0,0,,0,,0,0,0,
WI,BOL,212,B,17,324,Aug,58,50,2,0.2,0,0,1,0,0,1,0,0,0,0,1,0,0,13,2,0,0,0,1,0,,,,,,,
WI,BOL,212,B,17,324,July,,,,,,,,,,,,,,,,,,1,0,0,0,0,0,0,,0,,0,0,0,
MT,BF,213,A,4,72,Aug,16,10,2,15,0,5,0,0,0,7,0,0,0,0,0,0,0,1,0,0,0,0,0,0,,,,,,,193
MT,BF,213,A,4,72,July,,,,,,,,,,,,,,,,,,0,0,0,0,0,0,0,,0,,0,0,0,
MT,BF,213,B,4,65,Aug,43,27,3,1,2,0,5,0,0,0,1,0,0,0,1,0,0,11,0,0,0,0,0,0,,,,,,,249
MT,BF,213,B,4,65,July,,,,,,,,,,,,,,,,,,0,0,0,0,0,0,0,,0,,0,0,0,
MT,BF,214,A,10,182,Aug,25,18,0,0,0,0,0,0,0,0,0,0,0,0,1,0,0,5,0,0,0,0,6,0,,,,,,,
MT,BF,214,A,10,182,July,,,,,,,,,,,,,,,,,,0,0,0,0,0,0,0,,0,,0,0,0,
MT,BF,214,B,2,38,Aug,24,17,1,1,0,0,0,0,1,0,0,0,0,0,0,0,0,9,0,0,0,0,0,0,,,,,,,
MT,BF,214,B,2,38,July,,,,,,,,,,,,,,,,,,2,0,0,0,0,0,0,,0,,0,0,0,
MT,BF,215,A,10,183,Aug,22,15,0,0,0,0,0,0,0,0,0,0,0,0,1,0,0,8,0,0,0,0,0,0,,,,,,,
MT,BF,215,A,10,183,July,,,,,,,,,,,,,,,,,,2,0,0,0,0,0,0,,0,,0,0,0,
MT,BF,215,B,17,335,Aug,21,16,0,0,0,0,0,0,0,0,0,0,0,0,1,0,0,5,0,0,0,0,0,0,,,,,,,
MT,BF,215,B,17,335,July,,,,,,,,,,,,,,,,,,3,0,0,0,0,0,0,,0,,0,0,0,
MT,BF,216,A,1,4,Aug,33,19,0,0,0,0,0,0,0,0,0,0,0,0,1,2,0,23,0,0,0,0,0,0,,,,,,,
MT,BF,216,A,1,4,July,,,,,,,,,,,,,,,,,,0,0,0,0,0,0,0,,0,,0,0,0,
MT,BF,216,B,2,39,Aug,14,13,2,2,0,0,0,35,0,0,0,5,0,0,0,1,0,4,0,0,0,0,0,0,,,,,,,
MT,BF,216,B,2,39,July,,,,,,,,,,,,,,,,,,0,0,0,0,0,0,0,,0,,0,0,0,
MT,MS,217,A,1,12,Aug,24,22,0,0,0,0,0,0,0,0,0,0,0,0,0,0,0,2,0,0,0,0,0,0,,,,,,,
MT,MS,217,A,1,12,July,,,,,,,,,,,,,,,,,,0,0,0,0,0,0,0,,0,,0,0,0,
MT,MS,217,B,16,304,Aug,26,21,1,0.5,0,0,5,0,0,0,0,0,0,0,0,0,0,5,0,0,0,0,10,0,,,,,,,256
MT,MS,217,B,16,304,July,,,,,,,,,,,,,,,,,,2,0,0,0,0,0,0,,0,,0,0,0,
MT,MS,218,A,8,142,Aug,3,10,0,0,0,0,0,0,0,0,0,0,0,0,0,0,0,0,1,0,0,0,0,0,,,,,,,
MT,MS,218,A,8,142,July,,,,,,,,,,,,,,,,,,0,0,0,0,0,0,0,,0,,0,0,0,
MT,MS,218,B,15,298,Aug,33,29,11,10,10,5,15,0,40,20,65,55,0,0,0,0,0,6,0,0,0,0,0,0,,,,,,,305
MT,MS,218,B,15,298,July,,,,,,,,,,,,,,,,,,2,0,0,0,0,0,0,,0,,0,1,0,
MT,MS,219,A,7,139,Aug,26,27,0,0,0,0,0,0,0,0,0,0,0,0,0,0,0,2,0,0,0,0,0,0,,,,,,,
MT,MS,219,A,7,139,July,,,,,,,,,,,,,,,,,,0,1,0,0,0,0,0,,0,,0,0,0,
MT,MS,219,B,16,312,Aug,27,23,0,0,0,0,0,0,0,0,0,0,0,0,1,0,0,8,0,0,0,0,0,0,,,,,,,325
MT,MS,219,B,16,312,July,,,,,,,,,,,,,,,,,,1,0,0,0,0,0,0,,0,,0,1,0,
MT,MS,220,A,18,360,Aug,41,30,3,2,0,0,5,0,0,5,0,0,2,0,0,0,0,14,0,0,0,0,0,0,,,,,,,
MT,MS,220,A,18,360,July,,,,,,,,,,,,,,,,,,0,0,0,0,0,0,0,,0,,0,0,0,
MT,MS,220,B,8,155,Aug,36,58,4,2,0,0,0,0,40,0,50,0,0,0,0,0,0,5,0,0,0,0,0,0,,,,,,,
MT,MS,220,B,8,155,July,,,,,,,,,,,,,,,,,,0,0,0,0,2,0,0,,0,,1,1,0,
MT,NH,221,A,1,3,Aug,22,15,0,0,0,0,0,0,0,0,0,0,0,0,0,0,0,10,0,0,0,0,0,0,,,,,,,
MT,NH,221,A,1,3,July,,,,,,,,,,,,,,,,,,0,0,0,0,0,0,0,,0,,0,0,0,
MT,NH,221,B,3,58,Aug,23,26,2,0.5,1,0,0,0,0,10,0,0,0,0,0,0,0,5,0,0,0,0,0,0,,,,,,,
MT,NH,221,B,3,58,July,,,,,,,,,,,,,,,,,,0,0,0,0,0,0,0,,0,,0,0,0,
MT,NH,222,A,8,160,Aug,26,23,0,0,0,0,0,0,0,0,0,0,0,0,0,1,0,5,0,0,0,0,0,0,,,,,,,
MT,NH,222,A,8,160,July,,,,,,,,,,,,,,,,,,3,0,0,0,0,0,0,,0,,0,0,0,
MT,NH,222,B,1,14,Aug,16,15,0,0,0,0,0,0,0,0,0,0,0,0,0,0,0,5,0,0,0,0,0,0,,,,,,,
MT,NH,222,B,1,14,July,,,,,,,,,,,,,,,,,,0,0,0,0,0,0,0,,0,,0,0,0,
MT,NH,223,A,18,348,Aug,43,24,3,5,0,1,0,0,10,0,0,0,15,0,0,0,0,8,0,0,0,0,8,0,,,,,,,
MT,NH,223,A,18,348,July,,,,,,,,,,,,,,,,,,0,0,0,1,0,0,0,,1,5-Jul,0,1,0,
MT,NH,223,B,4,77,Aug,27,36,4,1,0,2,0,0,3,0,2,0,0,0,0,0,0,4,0,0,0,0,0,0,,,,,,,255
MT,NH,223,B,4,77,July,,,,,,,,,,,,,,,,,,0,0,0,0,0,0,0,,0,,0,0,0,
MT,NH,224,A,9,163,Aug,20,17,0,0,0,0,0,0,0,0,0,0,0,0,0,0,0,2,0,0,0,0,0,0,,,,,,,
MT,NH,224,A,9,163,July,,,,,,,,,,,,,,,,,,1,0,0,0,0,0,0,,0,,0,0,0,
MT,NH,224,B,11,216,Aug,25,24,0,0,0,0,0,0,0,0,0,0,0,0,0,1,0,3,1,0,0,0,0,0,,,,,,,
MT,NH,224,B,11,216,July,,,,,,,,,,,,,,,,,,0,0,0,0,0,0,0,,0,,0,0,0,
MT,CWN,225,A,3,41,Aug,15,10,1,0.1,0,1,0,0,0,0,0,0,0,0,1,1,0,3,1,0,0,0,7,1,Myrmica,,,,,,
MT,CWN,225,A,3,41,July,,,,,,,,,,,,,,,,,,0,0,0,0,0,0,1,Formica,0,,0,0,0,
MT,CWN,225,B,4,73,Aug,20,15,0,0,0,0,0,0,0,0,0,0,0,0,0,0,0,5,1,0,0,0,0,0,,,,,,,203
MT,CWN,225,B,4,73,July,,,,,,,,,,,,,,,,,,0,0,0,0,0,0,0,,0,,0,0,0,
MT,CWN,226,A,13,245,Aug,24,32,2,1,0,0,10,0,0,1,0,0,0,0,0,2,0,9,0,0,0,0,0,0,,,,,,,
MT,CWN,226,A,13,245,July,,,,,,,,,,,,,,,,,,2,0,0,0,0,0,0,,0,,0,0,0,
MT,CWN,226,B,2,37,Aug,7,12,1,1,0,0,3,0,0,0,0,0,0,0,0,0,0,5,0,0,0,0,0,0,,,,,,,
MT,CWN,226,B,2,37,July,,,,,,,,,,,,,,,,,,0,0,0,0,0,0,0,,0,,0,0,0,
WI,SDA,227,A,2,40,Aug,38,25,11,15,15,0,10,8,0,2,0,15,5,10,0,1,0,11,0,0,0,0,7,4,Myrmica,,,,,,
WI,SDA,227,A,2,40,July,,,,,,,,,,,,,,,,,,5,0,0,0,0,0,0,,0,,1,0,0,
WI,SDA,227,B,8,144,Aug,75,65,6,2,5,0,20,10,0,0,0,0,0,0,1,1,0,0,0,0,2,0,20,0,,,,,,,
WI,SDA,227,B,8,144,July,,,,,,,,,,,,,,,,,,0,0,0,0,0,0,0,,3,,0,0,0,
WI,SDA,227,C,18,361,Aug,56,18,3,2,0,0,0,0,0,0,5,1,5,0,0,0,0,8,0,0,0,0,0,0,,,,,,,
WI,SDA,227,C,18,361,July,,,,,,,,,,,,,,,,,,3,0,0,0,0,0,0,,0,,0,0,0,
WI,SDA,227,D,18,355,Aug,61,48,16,15,0,5,45,10,10,15,0,0,15,0,0,1,0,3,0,0,0,0,4,0,,,,,,,
WI,SDA,227,D,18,355,July,,,,,,,,,,,,,,,,,,2,0,0,0,0,0,0,,0,,0,0,0,
MT,CWN,229,A,18,356,Aug,29,20,2,5,0,0,0,0,20,0,0,5,0,0,1,1,0,2,0,0,0,0,0,0,,,,,,,
MT,CWN,229,A,18,356,July,,,,,,,,,,,,,,,,,,1,0,0,0,0,0,0,,0,,0,1,0,
MT,CWN,229,B,8,147,Aug,26,20,4,4,20,15,0,0,0,0,0,0,5,0,1,0,0,0,0,0,0,0,0,0,,,,,,,
MT,CWN,229,B,8,147,July,,,,,,,,,,,,,,,,,,0,0,0,0,0,0,0,,0,,0,0,0,
MT,CWN,230,A,8,143,Aug,22,18,0,0,0,0,0,0,0,0,0,0,0,0,1,1,0,2,0,0,0,0,0,0,,,,,,,
MT,CWN,230,A,8,143,July,,,,,,,,,,,,,,,,,,0,0,0,0,0,0,0,,0,,0,0,0,
MT,CWN,230,B,9,174,Aug,34,18,4,5,0,1,0,30,0,0,0,5,0,0,1,0,0,0,0,0,0,0,0,0,,,,,,,
MT,CWN,230,B,9,174,July,,,,,,,,,,,,,,,,,,0,0,0,0,0,0,0,,1,,0,0,0,
,,,,,192,July,,,,,,,,,,,,,,,,,,0,0,0,0,0,0,0,,0,,0,0,0,
